Date,Symbol,Type,Close,Return_Pct,Z_Score,Severity
2010-02-17,ADANIPORTS,Volume Spike,682.1,7.38,3.94,Medium
2010-02-18,ADANIPORTS,Volume Spike,668.15,-2.05,4.06,Medium
2010-04-01,ADANIPORTS,Volume Spike,751.45,-4.83,10.04,High
2010-07-16,ADANIPORTS,Volume Spike,754.8,1.08,6.73,High
2010-08-17,ADANIPORTS,Volume Spike,790.5,-0.4,3.1,Medium
2010-09-23,ADANIPORTS,Return Crash,165.6,-80.22,-7.53,High
2010-09-24,ADANIPORTS,Volume Spike,162.85,-1.66,3.7,Medium
2010-09-28,ADANIPORTS,Volume Spike,170.8,2.34,3.47,Medium
2010-09-30,ADANIPORTS,Volume Spike,167.65,-0.39,3.42,Medium
2010-10-06,ADANIPORTS,Volume Spike,179.9,5.76,3.99,Medium
2010-11-26,ADANIPORTS,Volume Spike,141.3,1.62,3.83,Medium
2011-01-05,ADANIPORTS,Volume Spike,157.6,6.09,3.85,Medium
2011-05-31,ADANIPORTS,Volume Spike,161.45,3.76,6.34,High
2011-07-29,ADANIPORTS,Return Crash,143.55,-7.36,-3.66,Medium
2011-07-29,ADANIPORTS,Volume Spike,143.55,-7.36,4.71,Medium
2011-08-01,ADANIPORTS,Volume Spike,145.1,1.08,3.09,Medium
2011-08-05,ADANIPORTS,Volume Spike,139.75,1.16,5.07,High
2011-08-24,ADANIPORTS,Return Spike,146.8,6.03,3.06,Medium
2011-11-16,ADANIPORTS,Volume Spike,132.55,-8.33,3.44,Medium
2011-11-25,ADANIPORTS,Volume Spike,123.35,4.8,3.06,Medium
2012-03-09,ADANIPORTS,Volume Spike,135.0,-7.06,5.0,High
2012-03-12,ADANIPORTS,Volume Spike,129.9,-3.78,4.23,Medium
2012-03-13,ADANIPORTS,Volume Spike,131.1,0.92,3.34,Medium
2012-08-01,ADANIPORTS,Volume Spike,120.9,0.37,5.02,High
2012-08-23,ADANIPORTS,Volume Spike,110.8,-4.93,3.66,Medium
2012-12-04,ADANIPORTS,Volume Spike,134.4,1.63,3.41,Medium
2012-12-06,ADANIPORTS,Volume Spike,135.05,1.01,3.04,Medium
2013-01-28,ADANIPORTS,Volume Spike,136.75,4.95,5.24,High
2013-01-29,ADANIPORTS,Volume Spike,145.8,6.62,8.67,High
2013-01-30,ADANIPORTS,Volume Spike,142.65,-2.16,3.86,Medium
2013-05-16,ADANIPORTS,Volume Spike,162.0,6.23,5.05,High
2013-05-17,ADANIPORTS,Volume Spike,168.25,3.86,4.46,Medium
2013-05-20,ADANIPORTS,Volume Spike,167.6,-0.39,3.29,Medium
2013-07-31,ADANIPORTS,Volume Spike,125.25,-7.7,3.91,Medium
2013-07-31,ADANIPORTS,Return Crash,125.25,-7.7,-3.44,Medium
2013-08-01,ADANIPORTS,Return Spike,140.95,12.53,4.64,High
2013-08-01,ADANIPORTS,Volume Spike,140.95,12.53,4.02,Medium
2013-08-02,ADANIPORTS,Return Crash,125.25,-11.14,-3.54,Medium
2013-10-11,ADANIPORTS,Volume Spike,150.4,3.16,3.28,Medium
2014-02-07,ADANIPORTS,Volume Spike,147.5,0.75,3.72,Medium
2014-04-10,ADANIPORTS,Volume Spike,193.0,5.21,5.58,High
2014-05-13,ADANIPORTS,Volume Spike,224.5,9.73,3.04,Medium
2014-05-13,ADANIPORTS,Return Spike,224.5,9.73,3.38,Medium
2014-07-02,ADANIPORTS,Volume Spike,271.25,11.08,5.8,High
2014-07-02,ADANIPORTS,Return Spike,271.25,11.08,3.01,Medium
2014-12-30,ADANIPORTS,Volume Spike,316.0,7.81,3.36,Medium
2014-12-30,ADANIPORTS,Return Spike,316.0,7.81,3.0,Medium
2015-05-04,ADANIPORTS,Volume Spike,347.2,9.34,3.1,Medium
2015-05-04,ADANIPORTS,Return Spike,347.2,9.34,3.69,Medium
2015-06-03,ADANIPORTS,Volume Spike,297.25,-3.85,6.57,High
2015-08-14,ADANIPORTS,Volume Spike,363.75,8.68,4.26,Medium
2015-08-14,ADANIPORTS,Return Spike,363.75,8.68,3.7,Medium
2015-08-24,ADANIPORTS,Return Crash,334.6,-8.34,-3.44,Medium
2015-08-27,ADANIPORTS,Volume Spike,356.55,2.5,3.04,Medium
2015-08-31,ADANIPORTS,Volume Spike,355.45,-1.99,4.8,Medium
2015-12-14,ADANIPORTS,Return Spike,254.55,5.56,3.12,Medium
2016-01-19,ADANIPORTS,Return Spike,232.85,6.18,3.41,Medium
2016-01-28,ADANIPORTS,Volume Spike,210.85,-2.09,3.09,Medium
2016-02-11,ADANIPORTS,Return Crash,186.85,-7.89,-3.09,Medium
2016-05-04,ADANIPORTS,Return Crash,208.25,-11.57,-3.55,Medium
2016-05-04,ADANIPORTS,Volume Spike,208.25,-11.57,4.83,Medium
2016-05-05,ADANIPORTS,Volume Spike,198.0,-4.92,3.13,Medium
2016-08-10,ADANIPORTS,Volume Spike,258.45,7.8,4.1,Medium
2016-08-10,ADANIPORTS,Return Spike,258.45,7.8,3.29,Medium
2016-10-25,ADANIPORTS,Return Spike,312.8,9.5,3.19,Medium
2016-10-25,ADANIPORTS,Volume Spike,312.8,9.5,3.9,Medium
2017-05-23,ADANIPORTS,Return Crash,331.65,-6.43,-3.11,Medium
2018-03-07,ADANIPORTS,Return Crash,376.95,-6.98,-3.83,Medium
2018-03-08,ADANIPORTS,Volume Spike,387.95,2.92,3.5,Medium
2018-05-31,ADANIPORTS,Volume Spike,392.15,4.74,3.72,Medium
2018-06-28,ADANIPORTS,Volume Spike,361.8,0.19,3.01,Medium
2018-08-07,ADANIPORTS,Return Crash,372.3,-6.3,-3.56,Medium
2018-08-07,ADANIPORTS,Volume Spike,372.3,-6.3,3.53,Medium
2018-10-29,ADANIPORTS,Return Spike,326.4,7.33,3.17,Medium
2019-01-28,ADANIPORTS,Return Crash,326.1,-12.77,-5.07,High
2019-01-28,ADANIPORTS,Volume Spike,326.1,-12.77,5.01,High
2019-02-13,ADANIPORTS,Volume Spike,341.65,4.54,3.07,Medium
2019-02-25,ADANIPORTS,Volume Spike,324.55,-8.4,3.29,Medium
2019-05-20,ADANIPORTS,Volume Spike,400.1,8.99,3.88,Medium
2019-05-20,ADANIPORTS,Return Spike,400.1,8.99,3.9,Medium
2019-05-23,ADANIPORTS,Volume Spike,407.55,5.6,5.4,High
2019-05-28,ADANIPORTS,Volume Spike,412.65,0.06,3.34,Medium
2019-08-26,ADANIPORTS,Return Spike,368.2,5.4,3.34,Medium
2019-09-20,ADANIPORTS,Return Spike,380.7,5.19,3.02,Medium
2019-09-23,ADANIPORTS,Return Spike,410.95,7.95,3.88,Medium
2019-11-29,ADANIPORTS,Volume Spike,382.05,2.54,6.86,High
2020-03-09,ADANIPORTS,Return Crash,321.9,-5.71,-3.62,Medium
2020-03-12,ADANIPORTS,Volume Spike,287.65,-10.17,3.18,Medium
2020-03-12,ADANIPORTS,Return Crash,287.65,-10.17,-4.99,High
2020-03-13,ADANIPORTS,Volume Spike,292.75,1.77,5.18,High
2020-03-16,ADANIPORTS,Return Crash,261.4,-10.71,-4.28,Medium
2020-03-23,ADANIPORTS,Return Crash,207.8,-18.95,-5.35,High
2020-03-24,ADANIPORTS,Return Spike,231.75,11.53,3.27,Medium
2020-08-31,ADANIPORTS,Volume Spike,355.75,-1.19,3.8,Medium
2020-11-04,ADANIPORTS,Volume Spike,361.1,2.11,3.38,Medium
2021-04-06,ADANIPORTS,Return Spike,835.55,12.57,3.92,Medium
2021-04-06,ADANIPORTS,Volume Spike,835.55,12.57,3.89,Medium
2021-04-07,ADANIPORTS,Volume Spike,814.75,-2.49,4.75,Medium
2021-04-12,ADANIPORTS,Return Crash,744.65,-9.59,-3.15,Medium
2010-02-05,ASIANPAINT,Volume Spike,1936.25,0.94,4.48,Medium
2010-02-25,ASIANPAINT,Volume Spike,1765.35,0.22,3.44,Medium
2010-03-03,ASIANPAINT,Return Spike,1981.2,5.95,3.09,Medium
2010-03-18,ASIANPAINT,Volume Spike,1994.6,1.28,3.5,Medium
2010-04-28,ASIANPAINT,Volume Spike,2089.55,1.28,3.29,Medium
2010-06-25,ASIANPAINT,Volume Spike,2399.45,-2.46,3.6,Medium
2010-07-12,ASIANPAINT,Volume Spike,2359.5,-1.04,3.46,Medium
2010-07-21,ASIANPAINT,Volume Spike,2479.55,0.03,5.46,High
2010-07-28,ASIANPAINT,Return Spike,2586.15,6.06,3.41,Medium
2010-08-17,ASIANPAINT,Volume Spike,2631.1,-0.38,4.27,Medium
2010-09-07,ASIANPAINT,Volume Spike,2853.95,0.15,3.31,Medium
2010-10-27,ASIANPAINT,Volume Spike,2502.6,-3.45,3.44,Medium
2010-10-28,ASIANPAINT,Return Spike,2648.45,5.83,4.04,Medium
2010-12-21,ASIANPAINT,Return Spike,2916.2,5.48,3.02,Medium
2011-01-17,ASIANPAINT,Volume Spike,2662.85,-2.31,3.25,Medium
2011-01-18,ASIANPAINT,Volume Spike,2654.75,-0.3,3.82,Medium
2011-01-28,ASIANPAINT,Volume Spike,2579.1,-0.81,3.17,Medium
2011-03-01,ASIANPAINT,Return Spike,2532.8,5.5,3.22,Medium
2011-05-11,ASIANPAINT,Volume Spike,2672.1,-0.7,3.07,Medium
2011-05-31,ASIANPAINT,Volume Spike,3133.4,1.66,7.52,High
2011-10-21,ASIANPAINT,Return Crash,3015.5,-4.48,-3.32,Medium
2011-10-28,ASIANPAINT,Volume Spike,3061.2,-0.27,3.79,Medium
2012-01-06,ASIANPAINT,Volume Spike,2660.6,-0.42,5.27,High
2012-01-25,ASIANPAINT,Volume Spike,2848.45,1.57,3.71,Medium
2012-03-19,ASIANPAINT,Return Crash,3073.15,-4.27,-3.09,Medium
2012-04-26,ASIANPAINT,Volume Spike,3482.0,1.74,3.87,Medium
2012-05-31,ASIANPAINT,Volume Spike,4021.55,5.37,3.76,Medium
2012-05-31,ASIANPAINT,Return Spike,4021.55,5.37,3.11,Medium
2012-06-01,ASIANPAINT,Return Crash,3779.8,-6.01,-3.56,Medium
2012-07-20,ASIANPAINT,Volume Spike,3717.25,2.71,4.13,Medium
2012-11-06,ASIANPAINT,Return Spike,4095.35,3.5,3.18,Medium
2012-11-29,ASIANPAINT,Return Spike,4319.8,4.75,3.52,Medium
2012-11-29,ASIANPAINT,Volume Spike,4319.8,4.75,3.19,Medium
2012-11-30,ASIANPAINT,Volume Spike,4330.35,0.24,3.14,Medium
2013-01-22,ASIANPAINT,Volume Spike,4413.05,2.92,3.01,Medium
2013-03-15,ASIANPAINT,Volume Spike,5007.3,2.26,3.3,Medium
2013-05-09,ASIANPAINT,Volume Spike,4670.95,-3.76,3.04,Medium
2013-07-30,ASIANPAINT,Return Crash,510.75,-90.02,-7.55,High
2013-07-30,ASIANPAINT,Volume Spike,510.75,-90.02,6.84,High
2013-07-31,ASIANPAINT,Volume Spike,507.6,-0.62,4.76,Medium
2013-08-01,ASIANPAINT,Volume Spike,498.2,-1.85,4.03,Medium
2013-08-02,ASIANPAINT,Volume Spike,497.45,-0.15,3.85,Medium
2013-08-05,ASIANPAINT,Volume Spike,472.8,-4.96,5.15,High
2013-08-06,ASIANPAINT,Volume Spike,437.35,-7.5,3.66,Medium
2013-08-07,ASIANPAINT,Volume Spike,423.2,-3.24,4.59,Medium
2013-10-21,ASIANPAINT,Volume Spike,515.8,5.94,3.01,Medium
2014-05-15,ASIANPAINT,Return Crash,529.05,-5.0,-3.09,Medium
2014-06-09,ASIANPAINT,Volume Spike,528.1,4.5,3.21,Medium
2014-11-14,ASIANPAINT,Volume Spike,672.2,4.25,3.33,Medium
2014-12-01,ASIANPAINT,Return Spike,797.05,7.03,3.35,Medium
2015-05-18,ASIANPAINT,Volume Spike,766.75,-2.98,4.12,Medium
2015-07-21,ASIANPAINT,Volume Spike,816.05,-4.25,3.15,Medium
2016-07-28,ASIANPAINT,Return Spike,1128.0,6.23,4.09,Medium
2016-07-28,ASIANPAINT,Volume Spike,1128.0,6.23,5.37,High
2016-10-25,ASIANPAINT,Volume Spike,1139.75,1.09,3.28,Medium
2016-11-15,ASIANPAINT,Volume Spike,890.8,-7.43,3.51,Medium
2016-11-15,ASIANPAINT,Return Crash,890.8,-7.43,-3.86,Medium
2017-02-22,ASIANPAINT,Volume Spike,1020.3,2.9,3.02,Medium
2017-03-14,ASIANPAINT,Return Spike,1071.4,3.99,3.11,Medium
2017-07-25,ASIANPAINT,Volume Spike,1150.1,-0.49,3.18,Medium
2017-09-01,ASIANPAINT,Return Spike,1215.9,4.05,3.78,Medium
2017-10-24,ASIANPAINT,Return Spike,1222.9,4.15,3.21,Medium
2017-10-24,ASIANPAINT,Volume Spike,1222.9,4.15,3.05,Medium
2018-05-11,ASIANPAINT,Volume Spike,1286.45,5.65,4.77,Medium
2018-05-11,ASIANPAINT,Return Spike,1286.45,5.65,4.06,Medium
2018-07-25,ASIANPAINT,Volume Spike,1450.15,-1.2,3.3,Medium
2018-09-04,ASIANPAINT,Return Crash,1311.3,-3.69,-3.2,Medium
2018-10-23,ASIANPAINT,Volume Spike,1138.45,-5.16,5.21,High
2019-01-22,ASIANPAINT,Volume Spike,1406.95,-1.07,3.69,Medium
2019-05-20,ASIANPAINT,Return Spike,1373.95,4.09,3.15,Medium
2019-07-24,ASIANPAINT,Volume Spike,1483.4,3.78,4.96,Medium
2019-09-20,ASIANPAINT,Return Spike,1671.0,7.54,4.54,High
2019-09-20,ASIANPAINT,Volume Spike,1671.0,7.54,3.05,Medium
2019-09-23,ASIANPAINT,Return Spike,1802.75,7.88,4.0,Medium
2020-02-03,ASIANPAINT,Return Spike,1867.65,6.4,4.67,High
2020-03-12,ASIANPAINT,Volume Spike,1843.35,-2.1,3.36,Medium
2020-03-16,ASIANPAINT,Return Crash,1683.4,-6.36,-3.75,Medium
2020-03-18,ASIANPAINT,Return Crash,1618.2,-6.55,-3.35,Medium
2020-03-20,ASIANPAINT,Return Spike,1742.95,8.85,3.98,Medium
2020-03-23,ASIANPAINT,Return Crash,1498.45,-14.03,-4.79,High
2020-06-24,ASIANPAINT,Volume Spike,1747.25,3.76,3.91,Medium
2020-11-27,ASIANPAINT,Volume Spike,2215.3,2.78,4.06,Medium
2021-01-12,ASIANPAINT,Volume Spike,2720.55,-4.52,3.54,Medium
2010-04-21,AXISBANK,Volume Spike,1237.4,4.25,3.27,Medium
2010-11-18,AXISBANK,Volume Spike,1426.0,-2.94,4.39,Medium
2011-07-22,AXISBANK,Volume Spike,1296.9,4.62,3.43,Medium
2011-10-07,AXISBANK,Return Spike,1030.3,8.22,3.07,Medium
2012-09-14,AXISBANK,Return Spike,1009.9,6.52,3.3,Medium
2012-09-21,AXISBANK,Return Spike,1124.65,7.68,3.22,Medium
2013-01-29,AXISBANK,Return Spike,1475.45,4.42,3.49,Medium
2013-01-29,AXISBANK,Volume Spike,1475.45,4.42,4.58,Medium
2013-04-16,AXISBANK,Return Spike,1363.3,5.34,3.06,Medium
2013-08-30,AXISBANK,Volume Spike,832.95,-2.09,3.93,Medium
2013-09-05,AXISBANK,Return Spike,927.5,15.72,4.19,Medium
2014-03-07,AXISBANK,Return Spike,1406.8,5.81,3.03,Medium
2014-03-21,AXISBANK,Volume Spike,1394.25,2.72,4.22,Medium
2014-07-28,AXISBANK,Return Crash,395.35,-80.09,-7.49,High
2014-07-28,AXISBANK,Volume Spike,395.35,-80.09,4.64,Medium
2014-07-31,AXISBANK,Volume Spike,391.65,-2.5,3.53,Medium
2015-02-28,AXISBANK,Return Spike,612.6,8.01,3.52,Medium
2015-08-24,AXISBANK,Volume Spike,482.05,-8.23,3.01,Medium
2015-08-24,AXISBANK,Return Crash,482.05,-8.23,-4.16,Medium
2015-10-28,AXISBANK,Volume Spike,482.9,-7.45,3.3,Medium
2016-02-15,AXISBANK,Return Spike,417.65,6.79,3.01,Medium
2016-02-29,AXISBANK,Volume Spike,375.75,-2.74,5.36,High
2016-04-27,AXISBANK,Volume Spike,465.5,-3.06,3.09,Medium
2016-08-31,AXISBANK,Volume Spike,596.85,0.96,8.18,High
2016-09-06,AXISBANK,Return Spike,635.9,6.12,3.75,Medium
2016-09-23,AXISBANK,Return Crash,557.45,-5.8,-3.25,Medium
2016-10-26,AXISBANK,Volume Spike,487.55,-7.85,3.89,Medium
2016-10-26,AXISBANK,Return Crash,487.55,-7.85,-3.73,Medium
2017-01-20,AXISBANK,Return Crash,450.75,-6.83,-3.69,Medium
2017-01-20,AXISBANK,Volume Spike,450.75,-6.83,4.09,Medium
2017-07-13,AXISBANK,Volume Spike,511.9,1.02,3.59,Medium
2017-10-18,AXISBANK,Volume Spike,464.5,-9.48,5.22,High
2017-10-18,AXISBANK,Return Crash,464.5,-9.48,-5.24,High
2017-10-25,AXISBANK,Volume Spike,473.0,4.66,3.1,Medium
2017-10-31,AXISBANK,Return Spike,523.15,8.09,3.78,Medium
2018-01-22,AXISBANK,Volume Spike,611.55,3.61,3.61,Medium
2018-02-02,AXISBANK,Return Crash,564.9,-4.71,-3.37,Medium
2018-03-23,AXISBANK,Volume Spike,499.5,-3.61,3.7,Medium
2018-04-27,AXISBANK,Volume Spike,539.2,9.21,5.66,High
2018-04-27,AXISBANK,Return Spike,539.2,9.21,4.27,Medium
2018-07-31,AXISBANK,Volume Spike,550.4,-3.38,3.51,Medium
2018-08-03,AXISBANK,Return Spike,574.75,5.03,3.15,Medium
2019-01-30,AXISBANK,Volume Spike,690.95,4.57,4.28,Medium
2019-04-26,AXISBANK,Volume Spike,759.9,2.56,3.09,Medium
2019-05-20,AXISBANK,Return Spike,782.4,4.47,3.09,Medium
2019-07-31,AXISBANK,Volume Spike,674.1,-4.73,5.56,High
2019-09-20,AXISBANK,Volume Spike,680.35,6.6,3.49,Medium
2019-09-20,AXISBANK,Return Spike,680.35,6.6,3.5,Medium
2019-09-23,AXISBANK,Return Spike,725.5,6.64,3.21,Medium
2019-10-01,AXISBANK,Volume Spike,679.15,-0.85,3.17,Medium
2020-02-28,AXISBANK,Return Crash,697.3,-5.24,-3.39,Medium
2020-03-09,AXISBANK,Return Crash,623.55,-5.19,-3.13,Medium
2020-03-12,AXISBANK,Return Crash,543.25,-12.29,-5.36,High
2020-03-16,AXISBANK,Return Crash,508.6,-10.58,-3.78,Medium
2020-03-23,AXISBANK,Return Crash,308.65,-27.91,-5.87,High
2020-04-07,AXISBANK,Return Spike,388.85,19.48,3.62,Medium
2021-01-28,AXISBANK,Volume Spike,670.7,6.11,3.58,Medium
2010-01-27,BAJAJ-AUTO,Volume Spike,1670.3,-3.56,3.03,Medium
2010-02-16,BAJAJ-AUTO,Volume Spike,1797.5,0.27,3.38,Medium
2010-06-14,BAJAJ-AUTO,Volume Spike,2283.3,-0.51,3.1,Medium
2010-07-22,BAJAJ-AUTO,Volume Spike,2490.5,3.18,5.26,High
2010-07-27,BAJAJ-AUTO,Return Spike,2654.15,4.97,3.07,Medium
2010-09-06,BAJAJ-AUTO,Volume Spike,3004.0,4.63,3.54,Medium
2010-09-08,BAJAJ-AUTO,Return Crash,1480.6,-50.6,-7.41,High
2010-12-31,BAJAJ-AUTO,Return Spike,1541.0,4.11,3.01,Medium
2011-01-04,BAJAJ-AUTO,Volume Spike,1429.8,-3.16,3.15,Medium
2011-01-06,BAJAJ-AUTO,Volume Spike,1327.85,-3.39,3.36,Medium
2011-05-03,BAJAJ-AUTO,Return Crash,1367.15,-5.1,-3.03,Medium
2011-05-18,BAJAJ-AUTO,Volume Spike,1287.4,-1.74,4.4,Medium
2011-07-14,BAJAJ-AUTO,Volume Spike,1430.7,-1.45,3.17,Medium
2012-01-02,BAJAJ-AUTO,Return Crash,1475.5,-7.28,-3.89,Medium
2012-01-02,BAJAJ-AUTO,Volume Spike,1475.5,-7.28,3.34,Medium
2012-01-20,BAJAJ-AUTO,Return Spike,1561.35,6.38,3.25,Medium
2012-05-04,BAJAJ-AUTO,Volume Spike,1502.95,-3.69,3.29,Medium
2012-06-15,BAJAJ-AUTO,Volume Spike,1527.3,-1.46,3.04,Medium
2012-07-18,BAJAJ-AUTO,Volume Spike,1520.9,5.25,4.75,Medium
2012-07-18,BAJAJ-AUTO,Return Spike,1520.9,5.25,3.22,Medium
2012-11-29,BAJAJ-AUTO,Volume Spike,1950.4,4.72,3.3,Medium
2012-11-29,BAJAJ-AUTO,Return Spike,1950.4,4.72,3.42,Medium
2012-12-11,BAJAJ-AUTO,Volume Spike,2006.65,2.33,3.01,Medium
2012-12-12,BAJAJ-AUTO,Volume Spike,2056.55,2.49,3.34,Medium
2013-05-16,BAJAJ-AUTO,Volume Spike,1806.5,-0.85,4.59,Medium
2013-07-19,BAJAJ-AUTO,Volume Spike,1966.0,3.65,3.39,Medium
2013-10-10,BAJAJ-AUTO,Volume Spike,2141.4,-0.58,3.13,Medium
2013-10-17,BAJAJ-AUTO,Volume Spike,2153.3,1.3,4.14,Medium
2014-05-15,BAJAJ-AUTO,Return Crash,1950.5,-4.47,-3.26,Medium
2014-05-21,BAJAJ-AUTO,Return Spike,1961.15,5.08,3.3,Medium
2014-06-09,BAJAJ-AUTO,Return Spike,2161.75,5.53,3.33,Medium
2014-11-19,BAJAJ-AUTO,Volume Spike,2674.95,1.17,3.07,Medium
2015-01-08,BAJAJ-AUTO,Volume Spike,2450.4,0.13,10.23,High
2015-02-03,BAJAJ-AUTO,Return Crash,2260.75,-3.77,-3.1,Medium
2015-04-30,BAJAJ-AUTO,Volume Spike,1948.65,-1.52,4.4,Medium
2015-05-04,BAJAJ-AUTO,Return Spike,2087.9,7.15,4.87,High
2015-05-21,BAJAJ-AUTO,Volume Spike,2300.3,6.92,5.46,High
2015-05-21,BAJAJ-AUTO,Return Spike,2300.3,6.92,3.67,Medium
2015-07-23,BAJAJ-AUTO,Volume Spike,2489.05,-4.96,4.14,Medium
2015-08-24,BAJAJ-AUTO,Return Crash,2191.55,-8.92,-4.23,Medium
2015-10-21,BAJAJ-AUTO,Volume Spike,2519.05,3.28,4.38,Medium
2016-02-04,BAJAJ-AUTO,Volume Spike,2310.65,-1.58,4.39,Medium
2016-05-25,BAJAJ-AUTO,Volume Spike,2475.3,4.03,4.7,Medium
2016-07-27,BAJAJ-AUTO,Volume Spike,2670.15,-0.14,3.92,Medium
2016-08-05,BAJAJ-AUTO,Return Spike,2862.1,4.3,3.15,Medium
2016-10-28,BAJAJ-AUTO,Volume Spike,2848.1,3.14,3.16,Medium
2017-01-31,BAJAJ-AUTO,Volume Spike,2833.45,0.3,3.47,Medium
2017-05-11,BAJAJ-AUTO,Return Spike,2998.45,3.22,3.18,Medium
2017-09-01,BAJAJ-AUTO,Return Spike,2916.35,3.62,3.49,Medium
2017-10-17,BAJAJ-AUTO,Volume Spike,3259.95,1.09,3.04,Medium
2018-02-02,BAJAJ-AUTO,Volume Spike,3241.3,-5.03,4.04,Medium
2018-02-02,BAJAJ-AUTO,Return Crash,3241.3,-5.03,-3.78,Medium
2018-05-18,BAJAJ-AUTO,Volume Spike,2787.5,-0.99,5.17,High
2018-06-01,BAJAJ-AUTO,Return Spike,2896.55,5.32,3.85,Medium
2018-06-01,BAJAJ-AUTO,Volume Spike,2896.55,5.32,4.28,Medium
2018-07-20,BAJAJ-AUTO,Volume Spike,2839.6,-8.84,5.46,High
2018-07-20,BAJAJ-AUTO,Return Crash,2839.6,-8.84,-4.58,High
2018-10-24,BAJAJ-AUTO,Volume Spike,2475.15,-4.31,3.01,Medium
2019-01-30,BAJAJ-AUTO,Volume Spike,2499.7,-2.65,6.14,High
2019-05-17,BAJAJ-AUTO,Volume Spike,3040.05,3.31,4.45,Medium
2019-07-26,BAJAJ-AUTO,Volume Spike,2618.65,2.81,4.38,Medium
2019-09-20,BAJAJ-AUTO,Return Spike,2929.25,6.95,3.68,Medium
2019-10-23,BAJAJ-AUTO,Volume Spike,3162.65,1.29,3.99,Medium
2020-01-30,BAJAJ-AUTO,Volume Spike,3145.5,1.74,5.82,High
2020-02-03,BAJAJ-AUTO,Return Spike,3284.5,4.49,4.17,Medium
2020-02-04,BAJAJ-AUTO,Return Crash,3162.8,-3.71,-3.13,Medium
2020-03-09,BAJAJ-AUTO,Return Crash,2573.35,-5.91,-3.74,Medium
2020-03-12,BAJAJ-AUTO,Return Crash,2338.9,-9.75,-4.81,High
2020-03-23,BAJAJ-AUTO,Return Crash,1935.55,-13.68,-4.82,High
2020-03-26,BAJAJ-AUTO,Return Spike,2106.85,8.22,3.04,Medium
2020-04-07,BAJAJ-AUTO,Return Spike,2280.05,12.11,3.71,Medium
2020-05-21,BAJAJ-AUTO,Volume Spike,2640.35,3.23,3.45,Medium
2020-08-31,BAJAJ-AUTO,Volume Spike,2967.0,-1.56,3.26,Medium
2020-10-01,BAJAJ-AUTO,Volume Spike,2985.4,3.62,4.29,Medium
2020-10-26,BAJAJ-AUTO,Return Crash,2895.15,-6.07,-3.59,Medium
2020-11-27,BAJAJ-AUTO,Volume Spike,3173.55,1.42,3.13,Medium
2021-01-22,BAJAJ-AUTO,Return Spike,4089.5,10.43,5.53,High
2021-01-22,BAJAJ-AUTO,Volume Spike,4089.5,10.43,8.09,High
2010-02-01,BAJAJFINSV,Volume Spike,330.0,3.58,3.22,Medium
2010-02-04,BAJAJFINSV,Volume Spike,339.85,0.49,3.08,Medium
2010-02-16,BAJAJFINSV,Volume Spike,332.05,-1.72,7.9,High
2010-03-17,BAJAJFINSV,Volume Spike,329.9,-0.2,4.69,Medium
2010-03-25,BAJAJFINSV,Volume Spike,317.0,-0.56,8.48,High
2010-04-15,BAJAJFINSV,Return Crash,326.95,-7.29,-3.53,Medium
2010-04-15,BAJAJFINSV,Volume Spike,326.95,-7.29,5.01,High
2010-04-28,BAJAJFINSV,Volume Spike,326.95,1.04,4.21,Medium
2010-05-05,BAJAJFINSV,Return Spike,398.1,17.4,5.56,High
2010-05-05,BAJAJFINSV,Volume Spike,398.1,17.4,9.68,High
2010-05-06,BAJAJFINSV,Volume Spike,412.9,3.72,5.75,High
2010-05-13,BAJAJFINSV,Volume Spike,511.85,9.21,5.11,High
2010-05-14,BAJAJFINSV,Volume Spike,537.05,4.92,4.4,Medium
2010-06-18,BAJAJFINSV,Volume Spike,403.9,-9.99,4.07,Medium
2010-08-11,BAJAJFINSV,Volume Spike,458.0,5.48,8.67,High
2010-08-12,BAJAJFINSV,Volume Spike,480.75,4.97,3.85,Medium
2010-09-03,BAJAJFINSV,Volume Spike,519.6,6.53,4.2,Medium
2010-12-08,BAJAJFINSV,Return Crash,459.4,-4.7,-3.37,Medium
2010-12-14,BAJAJFINSV,Volume Spike,457.8,-0.3,7.6,High
2010-12-15,BAJAJFINSV,Volume Spike,458.9,0.24,3.34,Medium
2011-01-18,BAJAJFINSV,Return Spike,433.8,4.92,3.21,Medium
2011-01-18,BAJAJFINSV,Volume Spike,433.8,4.92,7.64,High
2011-01-19,BAJAJFINSV,Volume Spike,435.45,0.38,5.82,High
2011-02-23,BAJAJFINSV,Volume Spike,448.15,5.35,9.47,High
2011-03-03,BAJAJFINSV,Return Spike,530.25,20.01,6.2,High
2011-03-03,BAJAJFINSV,Volume Spike,530.25,20.01,15.29,High
2011-03-04,BAJAJFINSV,Volume Spike,547.05,3.17,13.68,High
2011-03-08,BAJAJFINSV,Volume Spike,541.0,5.01,3.49,Medium
2011-03-09,BAJAJFINSV,Volume Spike,578.55,6.94,4.5,Medium
2011-05-18,BAJAJFINSV,Volume Spike,521.55,4.98,5.08,High
2011-06-07,BAJAJFINSV,Return Spike,545.5,8.61,3.63,Medium
2011-06-07,BAJAJFINSV,Volume Spike,545.5,8.61,6.18,High
2011-06-08,BAJAJFINSV,Volume Spike,560.75,2.8,4.55,Medium
2011-06-09,BAJAJFINSV,Volume Spike,564.2,0.62,3.48,Medium
2011-07-13,BAJAJFINSV,Volume Spike,539.65,4.44,4.75,Medium
2011-07-14,BAJAJFINSV,Volume Spike,556.05,3.04,5.34,High
2011-08-29,BAJAJFINSV,Volume Spike,577.75,15.2,7.55,High
2011-08-29,BAJAJFINSV,Return Spike,577.75,15.2,5.29,High
2011-08-30,BAJAJFINSV,Volume Spike,537.0,-7.05,14.79,High
2011-09-02,BAJAJFINSV,Volume Spike,547.5,1.96,3.74,Medium
2011-10-19,BAJAJFINSV,Volume Spike,545.25,3.34,3.39,Medium
2011-10-20,BAJAJFINSV,Volume Spike,559.3,2.58,7.59,High
2011-11-30,BAJAJFINSV,Return Crash,424.0,-7.9,-4.09,Medium
2011-11-30,BAJAJFINSV,Volume Spike,424.0,-7.9,7.75,High
2012-01-18,BAJAJFINSV,Volume Spike,468.85,0.2,6.38,High
2012-02-03,BAJAJFINSV,Volume Spike,494.25,8.41,5.82,High
2012-02-03,BAJAJFINSV,Return Spike,494.25,8.41,3.31,Medium
2012-02-29,BAJAJFINSV,Return Spike,641.85,10.1,3.5,Medium
2012-02-29,BAJAJFINSV,Volume Spike,641.85,10.1,7.53,High
2012-04-27,BAJAJFINSV,Volume Spike,737.9,4.81,5.81,High
2012-06-28,BAJAJFINSV,Volume Spike,680.55,5.68,8.16,High
2012-07-17,BAJAJFINSV,Volume Spike,681.0,-0.34,3.96,Medium
2012-07-18,BAJAJFINSV,Volume Spike,713.2,4.73,5.94,High
2012-10-04,BAJAJFINSV,Volume Spike,954.0,3.11,3.02,Medium
2012-12-26,BAJAJFINSV,Volume Spike,906.8,2.04,6.27,High
2012-12-27,BAJAJFINSV,Volume Spike,915.6,0.97,4.95,Medium
2013-02-19,BAJAJFINSV,Volume Spike,770.3,-0.87,3.87,Medium
2013-02-20,BAJAJFINSV,Volume Spike,825.0,7.1,4.92,Medium
2013-02-20,BAJAJFINSV,Return Spike,825.0,7.1,4.04,Medium
2013-02-25,BAJAJFINSV,Volume Spike,850.45,3.22,3.09,Medium
2013-02-27,BAJAJFINSV,Volume Spike,844.85,0.2,4.62,Medium
2013-06-19,BAJAJFINSV,Volume Spike,634.45,-0.13,4.08,Medium
2014-01-01,BAJAJFINSV,Volume Spike,760.1,2.34,3.97,Medium
2014-05-07,BAJAJFINSV,Volume Spike,820.85,-0.36,4.59,Medium
2014-05-08,BAJAJFINSV,Volume Spike,833.0,1.48,8.21,High
2014-05-12,BAJAJFINSV,Volume Spike,839.45,0.17,4.52,Medium
2014-05-19,BAJAJFINSV,Return Spike,873.8,6.35,4.08,Medium
2014-05-22,BAJAJFINSV,Volume Spike,887.95,0.85,3.27,Medium
2014-07-16,BAJAJFINSV,Volume Spike,947.6,2.4,3.76,Medium
2014-07-23,BAJAJFINSV,Volume Spike,929.85,-0.96,3.36,Medium
2014-09-02,BAJAJFINSV,Volume Spike,1101.95,3.23,6.91,High
2014-09-16,BAJAJFINSV,Return Crash,1028.2,-4.34,-3.01,Medium
2014-09-30,BAJAJFINSV,Volume Spike,1129.65,3.74,4.97,Medium
2014-10-14,BAJAJFINSV,Volume Spike,1105.1,-0.48,3.04,Medium
2014-10-16,BAJAJFINSV,Return Crash,1020.6,-7.65,-4.1,Medium
2014-11-07,BAJAJFINSV,Volume Spike,1039.65,-0.19,5.17,High
2014-11-10,BAJAJFINSV,Volume Spike,1040.0,0.03,4.58,Medium
2014-11-18,BAJAJFINSV,Volume Spike,1042.05,-0.69,6.47,High
2014-11-21,BAJAJFINSV,Volume Spike,1073.6,3.08,3.12,Medium
2014-12-03,BAJAJFINSV,Return Spike,1244.75,8.24,3.64,Medium
2015-01-14,BAJAJFINSV,Volume Spike,1254.2,-2.51,4.74,Medium
2015-01-28,BAJAJFINSV,Volume Spike,1450.4,5.45,3.4,Medium
2015-02-23,BAJAJFINSV,Volume Spike,1435.65,-2.43,4.59,Medium
2015-03-03,BAJAJFINSV,Volume Spike,1485.05,2.32,3.42,Medium
2015-03-05,BAJAJFINSV,Volume Spike,1529.1,4.01,3.47,Medium
2015-03-20,BAJAJFINSV,Volume Spike,1379.8,-2.12,4.71,Medium
2015-06-02,BAJAJFINSV,Volume Spike,1505.3,0.03,5.68,High
2015-06-03,BAJAJFINSV,Volume Spike,1516.6,0.75,7.71,High
2015-06-17,BAJAJFINSV,Volume Spike,1500.3,0.35,4.23,Medium
2015-07-23,BAJAJFINSV,Volume Spike,1729.6,3.14,3.4,Medium
2015-08-04,BAJAJFINSV,Volume Spike,2026.65,6.38,3.87,Medium
2015-08-04,BAJAJFINSV,Return Spike,2026.65,6.38,3.27,Medium
2015-08-24,BAJAJFINSV,Return Crash,1714.7,-8.7,-3.89,Medium
2015-09-18,BAJAJFINSV,Volume Spike,1834.5,-0.43,3.06,Medium
2015-09-30,BAJAJFINSV,Volume Spike,1729.5,0.32,6.44,High
2016-02-03,BAJAJFINSV,Volume Spike,1878.55,3.32,4.89,Medium
2016-03-08,BAJAJFINSV,Volume Spike,1669.75,-0.04,3.58,Medium
2016-03-21,BAJAJFINSV,Volume Spike,1649.55,0.01,3.89,Medium
2016-05-27,BAJAJFINSV,Volume Spike,1835.7,2.43,3.28,Medium
2016-06-14,BAJAJFINSV,Return Spike,1873.9,5.76,3.37,Medium
2016-06-16,BAJAJFINSV,Volume Spike,2043.95,4.98,4.54,Medium
2016-06-27,BAJAJFINSV,Volume Spike,2181.9,5.02,3.2,Medium
2016-07-26,BAJAJFINSV,Volume Spike,2715.05,4.43,3.43,Medium
2016-11-30,BAJAJFINSV,Volume Spike,2990.0,1.77,8.15,High
2017-01-19,BAJAJFINSV,Volume Spike,3154.75,3.55,3.03,Medium
2017-02-06,BAJAJFINSV,Volume Spike,3721.95,8.83,3.4,Medium
2017-02-06,BAJAJFINSV,Return Spike,3721.95,8.83,3.44,Medium
2018-02-01,BAJAJFINSV,Return Spike,5038.4,4.7,3.54,Medium
2018-03-28,BAJAJFINSV,Volume Spike,5171.55,-1.66,7.34,High
2018-05-17,BAJAJFINSV,Volume Spike,5569.25,4.7,3.59,Medium
2018-05-18,BAJAJFINSV,Volume Spike,5729.8,2.88,4.34,Medium
2018-07-20,BAJAJFINSV,Volume Spike,6663.95,5.83,4.66,Medium
2018-09-21,BAJAJFINSV,Volume Spike,6259.7,-0.83,3.04,Medium
2018-10-10,BAJAJFINSV,Return Spike,5961.5,9.81,4.25,Medium
2018-10-24,BAJAJFINSV,Volume Spike,5391.45,4.33,3.41,Medium
2019-01-29,BAJAJFINSV,Volume Spike,6233.05,3.01,3.21,Medium
2019-05-17,BAJAJFINSV,Volume Spike,7992.95,4.93,4.64,Medium
2019-05-17,BAJAJFINSV,Return Spike,7992.95,4.93,3.35,Medium
2019-07-08,BAJAJFINSV,Volume Spike,7593.05,-9.99,4.7,Medium
2019-07-08,BAJAJFINSV,Return Crash,7593.05,-9.99,-5.3,High
2019-07-09,BAJAJFINSV,Volume Spike,7855.4,3.46,5.49,High
2020-02-01,BAJAJFINSV,Return Crash,8947.4,-5.23,-3.97,Medium
2020-02-04,BAJAJFINSV,Return Spike,9534.9,4.94,3.26,Medium
2020-03-12,BAJAJFINSV,Return Crash,7438.05,-9.89,-4.47,Medium
2020-03-18,BAJAJFINSV,Return Crash,6310.2,-10.08,-3.54,Medium
2020-03-23,BAJAJFINSV,Return Crash,4621.05,-25.86,-5.56,High
2020-09-25,BAJAJFINSV,Return Spike,5803.3,6.96,3.26,Medium
2020-11-20,BAJAJFINSV,Return Spike,8542.6,9.19,3.24,Medium
2021-02-01,BAJAJFINSV,Return Spike,9721.8,11.45,3.79,Medium
2010-02-17,BAJFINANCE,Volume Spike,309.65,6.43,10.29,High
2010-02-26,BAJFINANCE,Volume Spike,300.35,5.33,4.57,Medium
2010-04-12,BAJFINANCE,Volume Spike,352.6,4.74,3.09,Medium
2010-04-16,BAJFINANCE,Volume Spike,368.45,6.72,5.16,High
2010-04-20,BAJFINANCE,Volume Spike,385.85,2.92,5.89,High
2010-05-05,BAJFINANCE,Volume Spike,442.35,4.43,6.47,High
2010-05-13,BAJFINANCE,Volume Spike,475.65,8.63,4.72,Medium
2010-05-13,BAJFINANCE,Return Spike,475.65,8.63,3.23,Medium
2010-05-14,BAJFINANCE,Volume Spike,492.15,3.47,3.71,Medium
2010-06-18,BAJFINANCE,Volume Spike,474.9,-0.01,3.02,Medium
2010-07-05,BAJFINANCE,Volume Spike,493.45,4.24,4.96,Medium
2010-07-09,BAJFINANCE,Volume Spike,510.1,0.68,3.38,Medium
2010-07-21,BAJFINANCE,Volume Spike,550.1,1.49,3.53,Medium
2010-09-06,BAJFINANCE,Volume Spike,695.3,6.12,3.11,Medium
2010-09-07,BAJFINANCE,Volume Spike,739.15,6.31,12.84,High
2010-09-09,BAJFINANCE,Volume Spike,762.2,1.97,6.3,High
2010-11-02,BAJFINANCE,Volume Spike,806.4,0.98,4.54,Medium
2011-01-04,BAJFINANCE,Volume Spike,700.4,-0.62,3.06,Medium
2011-01-05,BAJFINANCE,Volume Spike,697.5,-0.41,7.96,High
2011-01-18,BAJFINANCE,Volume Spike,651.5,2.75,4.67,Medium
2011-02-03,BAJFINANCE,Return Spike,599.6,10.14,4.58,High
2011-02-23,BAJFINANCE,Volume Spike,619.55,-4.5,3.67,Medium
2011-02-24,BAJFINANCE,Volume Spike,604.9,-2.36,3.43,Medium
2011-03-03,BAJFINANCE,Volume Spike,617.35,-0.06,3.71,Medium
2011-05-17,BAJFINANCE,Volume Spike,624.15,-2.21,4.46,Medium
2011-05-27,BAJFINANCE,Return Spike,630.75,5.94,3.15,Medium
2011-06-03,BAJFINANCE,Volume Spike,625.0,-1.33,5.16,High
2011-06-27,BAJFINANCE,Volume Spike,597.9,3.05,3.82,Medium
2011-07-13,BAJFINANCE,Volume Spike,684.95,8.42,14.79,High
2011-07-13,BAJFINANCE,Return Spike,684.95,8.42,3.91,Medium
2011-07-14,BAJFINANCE,Volume Spike,707.35,3.27,6.47,High
2011-10-19,BAJFINANCE,Volume Spike,677.9,0.53,6.39,High
2011-11-02,BAJFINANCE,Volume Spike,689.0,-0.29,3.23,Medium
2012-01-11,BAJFINANCE,Volume Spike,651.4,3.85,3.37,Medium
2012-01-13,BAJFINANCE,Volume Spike,647.1,-0.38,4.69,Medium
2012-01-18,BAJFINANCE,Volume Spike,677.25,4.18,10.7,High
2012-03-02,BAJFINANCE,Volume Spike,781.65,1.09,3.63,Medium
2012-03-29,BAJFINANCE,Volume Spike,795.7,-0.51,3.57,Medium
2012-05-03,BAJFINANCE,Volume Spike,874.65,-1.68,3.45,Medium
2012-05-16,BAJFINANCE,Volume Spike,850.3,-2.94,4.49,Medium
2012-07-17,BAJFINANCE,Volume Spike,970.75,0.78,9.06,High
2012-07-24,BAJFINANCE,Volume Spike,1080.0,2.4,3.84,Medium
2012-09-03,BAJFINANCE,Volume Spike,1047.45,-0.15,4.96,Medium
2012-10-19,BAJFINANCE,Volume Spike,1270.9,-1.55,4.11,Medium
2012-10-22,BAJFINANCE,Volume Spike,1299.45,2.25,3.34,Medium
2012-11-29,BAJFINANCE,Volume Spike,1361.95,-0.46,8.35,High
2012-12-19,BAJFINANCE,Volume Spike,1300.15,1.04,11.24,High
2012-12-21,BAJFINANCE,Volume Spike,1273.3,-2.04,8.71,High
2013-01-21,BAJFINANCE,Volume Spike,1391.35,1.45,4.88,Medium
2013-01-23,BAJFINANCE,Return Crash,1320.1,-5.0,-3.06,Medium
2013-02-13,BAJFINANCE,Volume Spike,1259.4,1.41,3.22,Medium
2013-02-19,BAJFINANCE,Volume Spike,1271.0,-0.56,3.37,Medium
2013-03-28,BAJFINANCE,Volume Spike,1148.1,1.02,3.27,Medium
2013-05-06,BAJFINANCE,Volume Spike,1260.05,1.43,7.01,High
2013-05-15,BAJFINANCE,Volume Spike,1401.15,1.51,3.08,Medium
2013-06-11,BAJFINANCE,Volume Spike,1494.9,0.08,5.09,High
2013-07-02,BAJFINANCE,Volume Spike,1418.85,-1.4,4.45,Medium
2013-07-11,BAJFINANCE,Volume Spike,1449.35,3.9,4.62,Medium
2013-08-12,BAJFINANCE,Volume Spike,1132.35,7.56,5.7,High
2013-08-12,BAJFINANCE,Return Spike,1132.35,7.56,3.22,Medium
2013-08-13,BAJFINANCE,Return Spike,1244.0,9.86,3.73,Medium
2013-08-16,BAJFINANCE,Volume Spike,1150.2,-5.91,3.53,Medium
2013-08-19,BAJFINANCE,Volume Spike,1117.0,-2.89,3.44,Medium
2013-09-19,BAJFINANCE,Volume Spike,1245.6,1.94,3.13,Medium
2013-10-15,BAJFINANCE,Volume Spike,1276.95,-1.43,3.43,Medium
2013-11-26,BAJFINANCE,Volume Spike,1375.85,-1.63,3.06,Medium
2013-12-04,BAJFINANCE,Volume Spike,1460.35,-0.65,3.59,Medium
2014-02-18,BAJFINANCE,Volume Spike,1557.45,3.56,5.64,High
2014-02-25,BAJFINANCE,Volume Spike,1553.35,1.77,3.74,Medium
2014-03-03,BAJFINANCE,Volume Spike,1588.95,1.11,6.97,High
2014-03-28,BAJFINANCE,Return Spike,1797.7,5.88,3.42,Medium
2014-04-10,BAJFINANCE,Volume Spike,1786.1,1.7,4.1,Medium
2014-04-22,BAJFINANCE,Volume Spike,1765.15,-0.21,3.02,Medium
2014-05-22,BAJFINANCE,Return Spike,2043.55,11.01,4.84,High
2014-08-28,BAJFINANCE,Volume Spike,2471.4,-0.17,3.67,Medium
2014-11-17,BAJFINANCE,Return Spike,3278.05,10.12,3.97,Medium
2015-01-14,BAJFINANCE,Volume Spike,3773.95,8.35,11.73,High
2015-01-14,BAJFINANCE,Return Spike,3773.95,8.35,3.08,Medium
2015-04-21,BAJFINANCE,Volume Spike,4373.4,-4.06,4.1,Medium
2015-05-29,BAJFINANCE,Volume Spike,4216.55,-4.69,6.42,High
2015-08-24,BAJFINANCE,Return Crash,4870.8,-8.86,-4.2,Medium
2015-08-25,BAJFINANCE,Volume Spike,4915.55,0.92,3.91,Medium
2015-09-18,BAJFINANCE,Volume Spike,4965.6,-4.51,3.58,Medium
2015-10-20,BAJFINANCE,Volume Spike,5310.85,5.89,5.09,High
2016-01-18,BAJFINANCE,Return Crash,5503.2,-7.9,-4.98,High
2016-02-03,BAJFINANCE,Volume Spike,6379.75,9.78,5.91,High
2016-02-03,BAJFINANCE,Return Spike,6379.75,9.78,4.44,Medium
2016-05-24,BAJFINANCE,Volume Spike,7625.55,-0.37,3.93,Medium
2016-05-31,BAJFINANCE,Volume Spike,7588.8,-0.71,8.08,High
2016-07-11,BAJFINANCE,Volume Spike,8567.5,4.38,3.68,Medium
2016-07-26,BAJFINANCE,Volume Spike,9848.35,9.63,6.65,High
2016-07-26,BAJFINANCE,Return Spike,9848.35,9.63,4.67,High
2016-07-28,BAJFINANCE,Volume Spike,10316.8,5.34,3.16,Medium
2016-08-01,BAJFINANCE,Return Spike,11226.25,8.23,3.36,Medium
2016-08-03,BAJFINANCE,Return Crash,10005.6,-8.58,-3.56,Medium
2016-09-08,BAJFINANCE,Volume Spike,1162.8,-89.79,9.19,High
2016-09-08,BAJFINANCE,Return Crash,1162.8,-89.79,-7.46,High
2016-09-09,BAJFINANCE,Volume Spike,1153.55,-0.8,3.67,Medium
2016-09-12,BAJFINANCE,Volume Spike,1094.4,-5.13,4.07,Medium
2016-09-14,BAJFINANCE,Volume Spike,1101.05,0.61,3.47,Medium
2016-11-09,BAJFINANCE,Volume Spike,929.15,-5.55,3.17,Medium
2016-11-15,BAJFINANCE,Volume Spike,815.05,-5.02,3.17,Medium
2016-11-16,BAJFINANCE,Volume Spike,899.8,10.4,4.57,Medium
2017-01-30,BAJFINANCE,Volume Spike,1054.8,5.92,3.19,Medium
2017-07-19,BAJFINANCE,Volume Spike,1541.85,1.95,3.69,Medium
2018-02-02,BAJFINANCE,Return Crash,1628.9,-5.81,-3.33,Medium
2018-05-17,BAJFINANCE,Return Spike,2066.5,7.63,4.15,Medium
2018-05-17,BAJFINANCE,Volume Spike,2066.5,7.63,5.63,High
2018-05-18,BAJFINANCE,Volume Spike,2149.65,4.02,6.05,High
2018-07-19,BAJFINANCE,Volume Spike,2520.2,1.26,3.53,Medium
2018-07-20,BAJFINANCE,Volume Spike,2721.35,7.98,4.42,Medium
2018-07-20,BAJFINANCE,Return Spike,2721.35,7.98,3.66,Medium
2018-09-24,BAJFINANCE,Volume Spike,2260.8,-4.98,3.48,Medium
2018-10-10,BAJFINANCE,Return Spike,2270.95,10.19,3.62,Medium
2018-10-24,BAJFINANCE,Return Spike,2311.8,10.97,3.46,Medium
2019-01-28,BAJFINANCE,Return Crash,2458.5,-5.43,-3.15,Medium
2019-01-29,BAJFINANCE,Volume Spike,2515.55,2.32,4.39,Medium
2019-05-17,BAJFINANCE,Return Spike,3301.1,6.14,3.32,Medium
2019-05-17,BAJFINANCE,Volume Spike,3301.1,6.14,3.86,Medium
2019-07-08,BAJFINANCE,Return Crash,3413.3,-8.22,-4.31,Medium
2019-07-08,BAJFINANCE,Volume Spike,3413.3,-8.22,3.63,Medium
2019-07-09,BAJFINANCE,Volume Spike,3603.1,5.56,4.07,Medium
2019-07-25,BAJFINANCE,Volume Spike,3046.5,-4.0,4.13,Medium
2019-09-20,BAJFINANCE,Return Spike,3702.2,10.12,3.49,Medium
2020-01-06,BAJFINANCE,Return Crash,3996.7,-4.69,-3.37,Medium
2020-01-29,BAJFINANCE,Return Spike,4419.0,4.89,3.5,Medium
2020-01-29,BAJFINANCE,Volume Spike,4419.0,4.89,3.61,Medium
2020-02-28,BAJFINANCE,Volume Spike,4465.85,-6.18,3.61,Medium
2020-02-28,BAJFINANCE,Return Crash,4465.85,-6.18,-3.87,Medium
2020-03-12,BAJFINANCE,Return Crash,3734.35,-7.35,-3.44,Medium
2020-03-18,BAJFINANCE,Return Crash,3061.35,-11.13,-3.7,Medium
2020-03-19,BAJFINANCE,Return Crash,2746.1,-10.3,-3.07,Medium
2020-03-23,BAJFINANCE,Return Crash,2266.15,-23.23,-5.05,High
2021-04-28,BAJFINANCE,Return Spike,5280.9,8.55,3.04,Medium
2010-02-15,BHARTIARTL,Return Crash,285.6,-9.19,-3.7,Medium
2010-02-15,BHARTIARTL,Volume Spike,285.6,-9.19,3.38,Medium
2010-02-16,BHARTIARTL,Volume Spike,271.6,-4.9,5.88,High
2010-05-12,BHARTIARTL,Volume Spike,261.25,-8.24,4.26,Medium
2010-05-12,BHARTIARTL,Return Crash,261.25,-8.24,-3.31,Medium
2010-05-13,BHARTIARTL,Volume Spike,258.4,-1.09,3.74,Medium
2010-07-09,BHARTIARTL,Return Spike,308.65,9.86,3.88,Medium
2010-07-09,BHARTIARTL,Volume Spike,308.65,9.86,5.94,High
2011-11-30,BHARTIARTL,Volume Spike,386.1,3.32,6.06,High
2012-02-02,BHARTIARTL,Volume Spike,385.85,6.79,4.45,Medium
2012-02-08,BHARTIARTL,Volume Spike,354.0,-6.53,3.31,Medium
2012-04-24,BHARTIARTL,Volume Spike,307.35,-1.65,3.58,Medium
2012-05-24,BHARTIARTL,Return Spike,297.8,5.57,3.14,Medium
2012-06-04,BHARTIARTL,Volume Spike,294.55,-2.09,4.75,Medium
2012-08-08,BHARTIARTL,Return Crash,274.35,-6.62,-3.29,Medium
2012-08-08,BHARTIARTL,Volume Spike,274.35,-6.62,6.16,High
2012-08-09,BHARTIARTL,Volume Spike,256.75,-6.42,4.84,Medium
2012-11-07,BHARTIARTL,Volume Spike,271.1,-0.97,3.34,Medium
2013-02-01,BHARTIARTL,Volume Spike,329.4,-3.0,3.02,Medium
2013-07-31,BHARTIARTL,Volume Spike,344.5,7.29,3.31,Medium
2013-10-30,BHARTIARTL,Volume Spike,360.0,5.51,4.71,Medium
2014-03-07,BHARTIARTL,Return Spike,301.9,5.61,3.25,Medium
2014-05-16,BHARTIARTL,Volume Spike,330.75,2.91,3.11,Medium
2014-10-31,BHARTIARTL,Volume Spike,398.9,-2.11,3.78,Medium
2015-03-10,BHARTIARTL,Return Spike,367.95,7.13,3.44,Medium
2015-03-10,BHARTIARTL,Volume Spike,367.95,7.13,3.04,Medium
2015-03-11,BHARTIARTL,Volume Spike,389.55,5.87,3.1,Medium
2015-03-12,BHARTIARTL,Volume Spike,397.8,2.12,3.43,Medium
2015-05-29,BHARTIARTL,Volume Spike,425.6,5.61,7.89,High
2015-08-24,BHARTIARTL,Return Crash,348.3,-5.75,-3.34,Medium
2016-02-12,BHARTIARTL,Return Spike,324.55,5.13,3.06,Medium
2016-05-31,BHARTIARTL,Volume Spike,351.4,-1.26,5.93,High
2016-07-28,BHARTIARTL,Volume Spike,371.9,-0.17,3.08,Medium
2016-09-01,BHARTIARTL,Return Crash,310.85,-6.27,-3.41,Medium
2016-09-01,BHARTIARTL,Volume Spike,310.85,-6.27,7.75,High
2016-11-28,BHARTIARTL,Return Spike,318.8,5.91,3.23,Medium
2017-01-25,BHARTIARTL,Volume Spike,311.35,-1.63,4.46,Medium
2017-01-30,BHARTIARTL,Volume Spike,345.65,6.76,5.27,High
2017-01-30,BHARTIARTL,Return Spike,345.65,6.76,3.38,Medium
2017-02-23,BHARTIARTL,Volume Spike,366.25,1.45,5.49,High
2017-05-10,BHARTIARTL,Return Spike,372.75,7.97,4.39,Medium
2017-05-10,BHARTIARTL,Volume Spike,372.75,7.97,6.39,High
2017-07-10,BHARTIARTL,Return Spike,405.7,5.13,3.01,Medium
2017-07-21,BHARTIARTL,Volume Spike,411.3,-2.02,3.06,Medium
2017-07-27,BHARTIARTL,Volume Spike,416.05,-2.39,3.28,Medium
2017-09-20,BHARTIARTL,Volume Spike,396.85,0.52,3.5,Medium
2017-09-28,BHARTIARTL,Volume Spike,382.05,-1.01,3.92,Medium
2017-10-11,BHARTIARTL,Return Spike,403.55,4.93,3.56,Medium
2017-10-13,BHARTIARTL,Return Spike,430.9,7.66,4.43,Medium
2017-10-13,BHARTIARTL,Volume Spike,430.9,7.66,6.93,High
2017-10-23,BHARTIARTL,Volume Spike,497.35,4.98,3.15,Medium
2017-11-01,BHARTIARTL,Return Spike,539.1,8.43,3.53,Medium
2018-01-24,BHARTIARTL,Volume Spike,459.5,-6.62,3.72,Medium
2018-02-28,BHARTIARTL,Volume Spike,428.55,-0.45,3.14,Medium
2018-05-11,BHARTIARTL,Return Crash,386.6,-6.19,-3.14,Medium
2018-10-24,BHARTIARTL,Return Spike,315.85,10.48,4.3,Medium
2018-11-16,BHARTIARTL,Volume Spike,332.75,9.31,3.31,Medium
2018-11-16,BHARTIARTL,Return Spike,332.75,9.31,3.52,Medium
2019-03-01,BHARTIARTL,Volume Spike,307.65,-3.27,4.35,Medium
2019-03-11,BHARTIARTL,Return Spike,333.8,8.13,3.88,Medium
2019-03-12,BHARTIARTL,Volume Spike,351.8,5.39,3.37,Medium
2019-04-23,BHARTIARTL,Return Crash,316.5,-9.42,-4.05,Medium
2019-08-02,BHARTIARTL,Volume Spike,343.55,6.07,4.36,Medium
2019-10-10,BHARTIARTL,Volume Spike,377.25,4.97,5.21,High
2019-10-24,BHARTIARTL,Volume Spike,372.35,3.33,5.61,High
2019-11-15,BHARTIARTL,Volume Spike,393.05,8.43,3.3,Medium
2019-11-15,BHARTIARTL,Return Spike,393.05,8.43,3.38,Medium
2020-01-10,BHARTIARTL,Volume Spike,457.0,-0.67,3.12,Medium
2020-01-17,BHARTIARTL,Volume Spike,500.05,5.52,4.45,Medium
2020-01-20,BHARTIARTL,Volume Spike,508.7,1.73,3.0,Medium
2020-01-21,BHARTIARTL,Volume Spike,511.75,0.6,3.66,Medium
2020-03-23,BHARTIARTL,Return Crash,407.35,-11.95,-4.03,Medium
2020-05-19,BHARTIARTL,Volume Spike,598.8,11.29,3.55,Medium
2020-05-26,BHARTIARTL,Volume Spike,559.25,-5.72,3.11,Medium
2020-08-31,BHARTIARTL,Volume Spike,513.1,-1.98,7.23,High
2020-09-01,BHARTIARTL,Return Spike,546.25,6.46,3.56,Medium
2020-09-23,BHARTIARTL,Return Crash,433.8,-7.89,-3.36,Medium
2020-10-28,BHARTIARTL,Volume Spike,451.85,4.27,5.15,High
2021-01-13,BHARTIARTL,Volume Spike,578.25,2.21,4.04,Medium
2021-02-26,BHARTIARTL,Volume Spike,556.3,-3.95,6.38,High
2010-02-18,BPCL,Volume Spike,591.2,4.79,3.4,Medium
2010-04-30,BPCL,Return Spike,517.5,5.33,3.11,Medium
2010-06-15,BPCL,Return Crash,530.6,-5.78,-3.16,Medium
2010-06-25,BPCL,Return Spike,620.7,12.7,4.95,High
2010-06-25,BPCL,Volume Spike,620.7,12.7,7.52,High
2010-06-28,BPCL,Volume Spike,642.5,3.51,5.65,High
2010-08-23,BPCL,Return Spike,776.05,11.07,3.44,Medium
2010-08-23,BPCL,Volume Spike,776.05,11.07,5.78,High
2010-12-15,BPCL,Volume Spike,703.35,4.08,3.12,Medium
2011-05-04,BPCL,Volume Spike,654.5,4.0,3.29,Medium
2011-06-24,BPCL,Volume Spike,634.7,2.84,3.26,Medium
2011-06-27,BPCL,Volume Spike,663.95,4.61,5.11,High
2011-08-05,BPCL,Volume Spike,702.3,1.99,3.79,Medium
2011-10-03,BPCL,Return Spike,679.55,4.9,3.7,Medium
2011-10-28,BPCL,Volume Spike,637.1,-3.05,3.14,Medium
2011-11-09,BPCL,Return Crash,569.65,-5.6,-3.24,Medium
2012-02-23,BPCL,Volume Spike,656.35,5.24,3.42,Medium
2012-05-07,BPCL,Volume Spike,686.15,5.17,3.03,Medium
2012-07-13,BPCL,Return Crash,386.55,-50.79,-7.41,High
2012-09-14,BPCL,Volume Spike,350.2,-1.27,3.93,Medium
2013-01-17,BPCL,Volume Spike,396.15,3.65,4.34,Medium
2013-01-18,BPCL,Return Spike,434.95,9.79,4.64,High
2013-01-18,BPCL,Volume Spike,434.95,9.79,4.69,Medium
2013-05-22,BPCL,Volume Spike,389.65,-3.16,3.48,Medium
2013-05-23,BPCL,Volume Spike,379.9,-2.5,3.23,Medium
2013-06-28,BPCL,Return Spike,366.95,6.16,3.2,Medium
2013-07-30,BPCL,Return Crash,311.3,-8.55,-3.65,Medium
2013-09-27,BPCL,Volume Spike,328.6,6.27,3.52,Medium
2014-03-13,BPCL,Volume Spike,443.8,7.48,4.72,Medium
2014-03-13,BPCL,Return Spike,443.8,7.48,3.66,Medium
2014-08-19,BPCL,Volume Spike,674.05,3.94,3.08,Medium
2014-11-28,BPCL,Volume Spike,746.25,3.57,3.56,Medium
2015-08-12,BPCL,Return Crash,870.0,-5.97,-3.21,Medium
2015-08-24,BPCL,Return Crash,818.6,-7.99,-3.68,Medium
2015-12-31,BPCL,Volume Spike,892.3,0.07,3.56,Medium
2016-02-12,BPCL,Return Crash,772.8,-5.5,-3.14,Medium
2016-02-29,BPCL,Volume Spike,769.25,0.6,5.02,High
2016-05-27,BPCL,Volume Spike,1012.0,9.19,5.16,High
2016-05-27,BPCL,Return Spike,1012.0,9.19,4.38,Medium
2016-07-13,BPCL,Return Crash,545.6,-51.31,-7.35,High
2016-09-16,BPCL,Volume Spike,577.95,1.72,3.17,Medium
2016-11-15,BPCL,Volume Spike,643.6,-0.92,3.33,Medium
2016-11-30,BPCL,Volume Spike,643.95,0.02,6.46,High
2017-02-28,BPCL,Return Crash,670.05,-5.32,-3.02,Medium
2017-06-27,BPCL,Volume Spike,612.05,-2.96,3.59,Medium
2017-07-13,BPCL,Return Crash,458.55,-32.93,-7.22,High
2017-09-14,BPCL,Volume Spike,500.5,0.06,3.41,Medium
2018-04-11,BPCL,Return Crash,417.3,-7.5,-3.36,Medium
2018-04-11,BPCL,Volume Spike,417.3,-7.5,4.02,Medium
2018-04-12,BPCL,Volume Spike,418.65,0.32,3.61,Medium
2018-06-27,BPCL,Return Crash,382.8,-7.81,-3.03,Medium
2018-10-04,BPCL,Return Crash,331.15,-12.36,-4.75,High
2018-10-05,BPCL,Return Crash,265.3,-19.89,-5.37,High
2018-10-05,BPCL,Volume Spike,265.3,-19.89,7.01,High
2019-02-14,BPCL,Volume Spike,315.65,-4.19,3.41,Medium
2019-09-05,BPCL,Volume Spike,380.8,4.74,3.07,Medium
2019-09-16,BPCL,Volume Spike,380.0,-6.99,3.74,Medium
2019-09-23,BPCL,Return Spike,450.85,11.64,3.82,Medium
2020-03-09,BPCL,Volume Spike,423.85,5.15,5.18,High
2020-03-12,BPCL,Return Crash,344.3,-14.86,-5.02,High
2020-03-13,BPCL,Return Spike,376.05,9.22,3.09,Medium
2020-03-23,BPCL,Return Crash,269.35,-15.26,-3.6,Medium
2020-03-31,BPCL,Return Spike,316.9,15.34,3.48,Medium
2020-07-17,BPCL,Volume Spike,443.8,12.67,6.41,High
2020-07-17,BPCL,Return Spike,443.8,12.67,3.75,Medium
2020-07-21,BPCL,Volume Spike,464.2,6.15,4.53,Medium
2020-09-30,BPCL,Volume Spike,353.05,-8.67,4.08,Medium
2021-03-09,BPCL,Volume Spike,445.9,-4.46,9.63,High
2021-04-23,BPCL,Volume Spike,423.05,1.12,3.34,Medium
2010-02-24,BRITANNIA,Volume Spike,1640.0,0.68,4.28,Medium
2010-03-02,BRITANNIA,Volume Spike,1690.85,1.04,3.74,Medium
2010-03-05,BRITANNIA,Volume Spike,1767.4,1.23,3.3,Medium
2010-03-08,BRITANNIA,Return Crash,1640.1,-7.2,-4.56,High
2010-03-08,BRITANNIA,Volume Spike,1640.1,-7.2,3.68,Medium
2010-03-29,BRITANNIA,Volume Spike,1568.5,-0.9,3.23,Medium
2010-03-31,BRITANNIA,Volume Spike,1599.05,1.6,4.01,Medium
2010-04-30,BRITANNIA,Volume Spike,1654.85,1.38,3.39,Medium
2010-07-01,BRITANNIA,Volume Spike,1864.85,0.44,6.87,High
2010-07-07,BRITANNIA,Return Spike,1922.55,3.05,3.24,Medium
2010-07-20,BRITANNIA,Return Crash,1859.3,-3.88,-4.08,Medium
2010-07-22,BRITANNIA,Volume Spike,1937.4,2.74,3.7,Medium
2010-07-23,BRITANNIA,Volume Spike,1958.9,1.11,5.13,High
2010-07-30,BRITANNIA,Return Spike,1968.35,4.39,3.36,Medium
2010-08-02,BRITANNIA,Volume Spike,2089.65,6.16,8.22,High
2010-08-02,BRITANNIA,Return Spike,2089.65,6.16,4.03,Medium
2010-08-03,BRITANNIA,Volume Spike,2119.8,1.44,4.02,Medium
2010-08-05,BRITANNIA,Return Spike,2297.95,5.8,3.25,Medium
2010-08-05,BRITANNIA,Volume Spike,2297.95,5.8,6.84,High
2010-08-09,BRITANNIA,Return Crash,2150.5,-5.8,-3.45,Medium
2010-08-09,BRITANNIA,Volume Spike,2150.5,-5.8,3.91,Medium
2010-09-08,BRITANNIA,Return Crash,482.75,-77.26,-7.48,High
2010-09-08,BRITANNIA,Volume Spike,482.75,-77.26,14.01,High
2010-09-09,BRITANNIA,Volume Spike,482.6,-0.03,12.78,High
2010-11-08,BRITANNIA,Volume Spike,418.75,-0.75,5.86,High
2010-11-09,BRITANNIA,Volume Spike,440.35,5.16,4.38,Medium
2010-11-11,BRITANNIA,Volume Spike,431.65,-1.6,3.08,Medium
2010-12-20,BRITANNIA,Volume Spike,399.5,-1.25,13.12,High
2011-01-20,BRITANNIA,Return Spike,388.15,9.55,4.83,High
2011-03-25,BRITANNIA,Volume Spike,354.4,1.03,5.02,High
2011-04-08,BRITANNIA,Volume Spike,376.05,2.48,3.85,Medium
2011-04-13,BRITANNIA,Volume Spike,385.7,1.93,6.19,High
2011-05-10,BRITANNIA,Volume Spike,367.9,-0.28,10.35,High
2011-05-11,BRITANNIA,Volume Spike,377.2,2.53,3.45,Medium
2011-05-30,BRITANNIA,Return Spike,409.75,4.78,3.39,Medium
2011-06-14,BRITANNIA,Volume Spike,470.7,5.29,3.81,Medium
2011-06-14,BRITANNIA,Return Spike,470.7,5.29,3.11,Medium
2011-11-11,BRITANNIA,Volume Spike,484.6,1.73,3.34,Medium
2011-11-16,BRITANNIA,Volume Spike,486.1,1.78,5.88,High
2011-11-30,BRITANNIA,Volume Spike,469.05,-0.23,6.09,High
2011-12-01,BRITANNIA,Volume Spike,468.5,-0.12,5.71,High
2012-01-25,BRITANNIA,Volume Spike,456.5,0.46,4.26,Medium
2012-02-10,BRITANNIA,Volume Spike,493.75,1.64,5.37,High
2012-02-13,BRITANNIA,Volume Spike,517.85,4.88,7.22,High
2012-02-13,BRITANNIA,Return Spike,517.85,4.88,3.52,Medium
2012-03-02,BRITANNIA,Volume Spike,538.4,2.82,3.16,Medium
2012-03-06,BRITANNIA,Volume Spike,537.35,-0.92,3.66,Medium
2012-03-13,BRITANNIA,Volume Spike,573.95,1.22,3.06,Medium
2012-03-30,BRITANNIA,Volume Spike,593.0,4.49,5.14,High
2012-05-11,BRITANNIA,Volume Spike,538.6,-2.72,6.86,High
2012-05-30,BRITANNIA,Volume Spike,518.1,-1.68,8.36,High
2012-05-31,BRITANNIA,Volume Spike,534.65,3.19,3.96,Medium
2012-07-02,BRITANNIA,Volume Spike,538.6,2.52,4.14,Medium
2012-07-19,BRITANNIA,Volume Spike,499.9,-2.21,4.48,Medium
2012-08-02,BRITANNIA,Volume Spike,466.5,0.71,3.08,Medium
2012-08-06,BRITANNIA,Volume Spike,460.7,-2.63,3.47,Medium
2012-10-05,BRITANNIA,Volume Spike,486.25,1.79,4.53,Medium
2012-10-08,BRITANNIA,Volume Spike,492.3,1.24,3.0,Medium
2012-10-09,BRITANNIA,Volume Spike,509.8,3.55,3.93,Medium
2012-10-09,BRITANNIA,Return Spike,509.8,3.55,3.11,Medium
2012-11-16,BRITANNIA,Volume Spike,477.05,1.63,3.17,Medium
2013-01-02,BRITANNIA,Volume Spike,504.3,0.59,5.89,High
2013-01-09,BRITANNIA,Volume Spike,505.45,1.07,3.49,Medium
2013-02-18,BRITANNIA,Volume Spike,493.8,0.78,3.54,Medium
2013-03-01,BRITANNIA,Return Spike,502.1,4.28,3.58,Medium
2013-03-07,BRITANNIA,Volume Spike,519.2,1.92,3.87,Medium
2013-03-08,BRITANNIA,Volume Spike,527.65,1.63,5.64,High
2013-04-25,BRITANNIA,Volume Spike,563.65,1.28,9.64,High
2013-05-15,BRITANNIA,Volume Spike,570.55,1.03,3.34,Medium
2013-05-27,BRITANNIA,Return Spike,665.65,15.81,6.36,High
2013-05-27,BRITANNIA,Volume Spike,665.65,15.81,9.76,High
2013-05-28,BRITANNIA,Volume Spike,678.95,2.0,3.94,Medium
2013-07-17,BRITANNIA,Volume Spike,700.05,3.04,6.2,High
2013-08-12,BRITANNIA,Volume Spike,735.0,5.88,8.07,High
2013-08-13,BRITANNIA,Volume Spike,747.3,1.67,3.47,Medium
2013-11-11,BRITANNIA,Volume Spike,875.6,-4.81,3.13,Medium
2013-11-12,BRITANNIA,Volume Spike,904.35,3.28,3.96,Medium
2014-02-13,BRITANNIA,Volume Spike,899.4,-0.7,3.23,Medium
2014-02-14,BRITANNIA,Volume Spike,902.6,0.36,3.44,Medium
2014-03-21,BRITANNIA,Volume Spike,858.3,0.29,3.28,Medium
2014-05-14,BRITANNIA,Volume Spike,890.95,1.92,4.32,Medium
2014-05-27,BRITANNIA,Volume Spike,871.25,0.17,3.46,Medium
2014-06-11,BRITANNIA,Return Spike,969.25,10.66,5.11,High
2014-06-11,BRITANNIA,Volume Spike,969.25,10.66,5.35,High
2015-01-07,BRITANNIA,Volume Spike,1995.75,6.05,3.44,Medium
2015-04-20,BRITANNIA,Return Crash,2170.0,-5.61,-3.8,Medium
2015-05-22,BRITANNIA,Volume Spike,2430.85,6.25,5.14,High
2015-08-04,BRITANNIA,Volume Spike,3175.65,1.24,4.25,Medium
2015-08-24,BRITANNIA,Return Crash,3002.25,-6.16,-3.36,Medium
2016-05-23,BRITANNIA,Return Crash,2682.5,-8.47,-4.55,High
2016-05-23,BRITANNIA,Volume Spike,2682.5,-8.47,3.73,Medium
2016-08-08,BRITANNIA,Volume Spike,3152.15,9.28,7.1,High
2016-08-08,BRITANNIA,Return Spike,3152.15,9.28,4.32,Medium
2016-11-08,BRITANNIA,Volume Spike,3235.55,-2.03,3.3,Medium
2016-11-15,BRITANNIA,Volume Spike,2929.35,-4.87,3.3,Medium
2017-03-30,BRITANNIA,Volume Spike,3395.15,0.11,5.06,High
2017-05-26,BRITANNIA,Volume Spike,3415.85,-2.9,3.3,Medium
2017-08-07,BRITANNIA,Return Spike,4107.8,4.86,3.64,Medium
2017-08-07,BRITANNIA,Volume Spike,4107.8,4.86,5.79,High
2017-10-12,BRITANNIA,Return Spike,4544.45,3.85,3.14,Medium
2017-11-30,BRITANNIA,Volume Spike,4815.6,0.09,10.08,High
2018-01-25,BRITANNIA,Volume Spike,4625.6,-1.98,3.1,Medium
2018-08-06,BRITANNIA,Volume Spike,6326.7,-1.03,4.29,Medium
2018-11-29,BRITANNIA,Return Crash,3032.35,-49.14,-7.33,High
2018-11-30,BRITANNIA,Volume Spike,3169.75,4.53,4.5,Medium
2019-03-28,BRITANNIA,Volume Spike,3096.55,-0.01,7.58,High
2019-05-02,BRITANNIA,Volume Spike,2783.05,-3.9,4.08,Medium
2019-05-03,BRITANNIA,Volume Spike,2696.15,-3.12,4.41,Medium
2019-06-26,BRITANNIA,Volume Spike,2732.9,-2.66,3.77,Medium
2019-08-09,BRITANNIA,Volume Spike,2588.15,0.41,3.53,Medium
2019-08-27,BRITANNIA,Return Spike,2685.9,6.0,3.78,Medium
2019-08-27,BRITANNIA,Volume Spike,2685.9,6.0,3.02,Medium
2019-09-20,BRITANNIA,Return Spike,2867.0,9.35,4.65,High
2019-11-13,BRITANNIA,Volume Spike,3269.75,4.81,4.05,Medium
2020-02-03,BRITANNIA,Return Spike,3230.05,4.28,3.32,Medium
2020-03-12,BRITANNIA,Return Crash,2810.65,-7.8,-4.73,High
2020-03-18,BRITANNIA,Return Crash,2501.95,-6.85,-3.53,Medium
2020-03-19,BRITANNIA,Return Crash,2318.15,-7.35,-3.35,Medium
2020-03-20,BRITANNIA,Return Spike,2467.8,6.46,3.03,Medium
2020-03-23,BRITANNIA,Return Crash,2137.85,-13.37,-4.58,High
2020-03-24,BRITANNIA,Return Spike,2364.7,10.61,3.49,Medium
2020-04-23,BRITANNIA,Volume Spike,2947.4,-0.18,3.53,Medium
2020-06-03,BRITANNIA,Volume Spike,3510.3,1.72,3.32,Medium
2020-07-17,BRITANNIA,Volume Spike,3785.0,-1.81,5.32,High
2020-07-20,BRITANNIA,Volume Spike,3982.65,5.22,3.79,Medium
2020-10-20,BRITANNIA,Volume Spike,3553.15,-5.81,5.36,High
2020-10-20,BRITANNIA,Return Crash,3553.15,-5.81,-4.01,Medium
2020-10-21,BRITANNIA,Volume Spike,3397.25,-4.39,4.79,Medium
2020-11-27,BRITANNIA,Volume Spike,3637.95,2.51,5.59,High
2021-01-29,BRITANNIA,Return Crash,3501.1,-2.85,-3.04,Medium
2010-05-10,CIPLA,Return Crash,319.0,-6.74,-3.74,Medium
2010-08-16,CIPLA,Return Crash,304.0,-3.45,-3.12,Medium
2010-08-16,CIPLA,Volume Spike,304.0,-3.45,3.93,Medium
2010-12-01,CIPLA,Return Spike,365.15,6.36,3.39,Medium
2011-03-23,CIPLA,Return Spike,303.95,4.24,3.24,Medium
2011-07-18,CIPLA,Volume Spike,317.05,-2.18,3.09,Medium
2011-11-15,CIPLA,Return Spike,306.85,6.51,4.12,Medium
2011-11-15,CIPLA,Volume Spike,306.85,6.51,4.56,Medium
2012-02-14,CIPLA,Return Crash,321.2,-6.11,-4.1,Medium
2012-02-14,CIPLA,Volume Spike,321.2,-6.11,3.91,Medium
2012-03-26,CIPLA,Volume Spike,289.0,-4.05,3.12,Medium
2012-03-27,CIPLA,Volume Spike,299.95,3.79,5.23,High
2012-05-04,CIPLA,Volume Spike,326.0,2.63,3.61,Medium
2012-08-01,CIPLA,Return Spike,354.0,4.55,3.3,Medium
2012-08-01,CIPLA,Volume Spike,354.0,4.55,4.87,Medium
2012-11-06,CIPLA,Volume Spike,396.85,4.38,5.42,High
2013-02-07,CIPLA,Volume Spike,394.1,-2.69,3.31,Medium
2013-05-30,CIPLA,Volume Spike,383.0,-4.66,5.28,High
2013-05-30,CIPLA,Return Crash,383.0,-4.66,-3.15,Medium
2013-08-08,CIPLA,Return Spike,409.4,4.88,3.49,Medium
2013-08-30,CIPLA,Return Spike,416.95,4.85,3.22,Medium
2014-02-13,CIPLA,Return Crash,380.3,-7.86,-4.95,High
2014-02-13,CIPLA,Volume Spike,380.3,-7.86,6.01,High
2014-06-18,CIPLA,Volume Spike,425.1,2.94,4.58,Medium
2014-08-18,CIPLA,Return Spike,471.05,5.0,3.41,Medium
2014-09-02,CIPLA,Return Spike,557.05,5.27,3.13,Medium
2014-09-12,CIPLA,Return Spike,612.75,6.53,3.55,Medium
2015-02-13,CIPLA,Volume Spike,667.25,1.0,3.44,Medium
2015-08-17,CIPLA,Volume Spike,703.15,-4.93,4.28,Medium
2015-08-24,CIPLA,Return Crash,635.85,-8.83,-4.05,Medium
2016-02-11,CIPLA,Volume Spike,540.85,0.42,3.8,Medium
2016-05-25,CIPLA,Return Crash,469.8,-4.91,-3.27,Medium
2016-05-25,CIPLA,Volume Spike,469.8,-4.91,8.03,High
2016-08-16,CIPLA,Volume Spike,554.15,7.4,4.92,Medium
2016-08-16,CIPLA,Return Spike,554.15,7.4,4.45,Medium
2016-09-30,CIPLA,Volume Spike,580.05,-3.78,3.83,Medium
2016-11-09,CIPLA,Volume Spike,526.3,-1.68,3.02,Medium
2016-11-10,CIPLA,Volume Spike,563.7,7.11,3.14,Medium
2016-11-10,CIPLA,Return Spike,563.7,7.11,3.71,Medium
2017-02-09,CIPLA,Volume Spike,587.65,-2.58,3.45,Medium
2017-05-23,CIPLA,Return Crash,533.2,-5.31,-5.4,High
2017-05-25,CIPLA,Volume Spike,504.0,-3.01,3.85,Medium
2017-05-26,CIPLA,Volume Spike,488.9,-3.0,5.11,High
2017-08-11,CIPLA,Volume Spike,541.4,-1.24,3.73,Medium
2017-08-14,CIPLA,Volume Spike,570.05,5.29,3.03,Medium
2017-09-22,CIPLA,Volume Spike,585.35,-1.11,3.26,Medium
2017-11-07,CIPLA,Return Crash,607.55,-7.22,-3.76,Medium
2017-11-07,CIPLA,Volume Spike,607.55,-7.22,4.3,Medium
2017-12-15,CIPLA,Volume Spike,576.45,-2.37,3.2,Medium
2018-02-08,CIPLA,Volume Spike,612.65,7.62,5.15,High
2018-02-08,CIPLA,Return Spike,612.65,7.62,4.71,High
2018-03-20,CIPLA,Volume Spike,552.9,-1.22,5.1,High
2018-04-02,CIPLA,Return Spike,576.25,5.65,3.44,Medium
2018-05-23,CIPLA,Volume Spike,532.4,1.6,3.81,Medium
2018-08-09,CIPLA,Volume Spike,619.15,-2.12,3.84,Medium
2018-10-29,CIPLA,Return Spike,635.15,5.21,3.42,Medium
2018-11-05,CIPLA,Volume Spike,563.05,-7.26,5.15,High
2018-11-05,CIPLA,Return Crash,563.05,-7.26,-3.68,Medium
2018-11-06,CIPLA,Volume Spike,530.8,-5.73,5.17,High
2019-02-06,CIPLA,Volume Spike,534.95,5.31,4.09,Medium
2019-02-06,CIPLA,Return Spike,534.95,5.31,3.61,Medium
2019-04-05,CIPLA,Volume Spike,532.1,2.13,3.66,Medium
2019-05-20,CIPLA,Return Spike,565.45,3.91,3.67,Medium
2019-05-22,CIPLA,Volume Spike,553.0,-1.14,3.33,Medium
2019-08-06,CIPLA,Volume Spike,500.15,-3.61,4.03,Medium
2019-09-30,CIPLA,Volume Spike,425.5,-3.16,3.03,Medium
2019-10-11,CIPLA,Volume Spike,441.35,4.55,4.95,Medium
2019-11-06,CIPLA,Volume Spike,480.85,2.78,4.22,Medium
2020-01-23,CIPLA,Volume Spike,465.15,-1.37,3.04,Medium
2020-02-28,CIPLA,Return Crash,402.1,-4.53,-3.29,Medium
2020-03-03,CIPLA,Return Spike,425.3,5.81,3.91,Medium
2020-03-04,CIPLA,Return Spike,447.65,5.26,3.2,Medium
2020-03-13,CIPLA,Return Spike,425.55,7.8,3.84,Medium
2020-04-07,CIPLA,Volume Spike,492.25,9.58,3.06,Medium
2020-04-09,CIPLA,Volume Spike,579.6,13.04,3.08,Medium
2020-04-09,CIPLA,Return Spike,579.6,13.04,3.48,Medium
2020-06-22,CIPLA,Volume Spike,655.95,3.1,4.06,Medium
2020-08-10,CIPLA,Volume Spike,795.6,9.19,5.52,High
2020-08-10,CIPLA,Return Spike,795.6,9.19,3.77,Medium
2020-09-18,CIPLA,Volume Spike,806.25,7.29,4.72,Medium
2020-12-14,CIPLA,Volume Spike,789.3,4.43,3.13,Medium
2021-04-12,CIPLA,Volume Spike,902.4,2.19,5.81,High
2011-02-28,COALINDIA,Return Spike,327.7,11.98,6.06,High
2011-02-28,COALINDIA,Volume Spike,327.7,11.98,5.82,High
2011-05-19,COALINDIA,Volume Spike,376.1,0.64,3.02,Medium
2011-07-08,COALINDIA,Return Crash,362.65,-8.02,-3.54,Medium
2011-07-08,COALINDIA,Volume Spike,362.65,-8.02,6.44,High
2011-09-30,COALINDIA,Volume Spike,333.2,-4.98,4.55,Medium
2012-02-16,COALINDIA,Volume Spike,320.05,-5.83,3.47,Medium
2013-03-18,COALINDIA,Return Crash,302.3,-5.53,-3.98,Medium
2013-05-24,COALINDIA,Volume Spike,310.15,0.67,3.8,Medium
2013-06-28,COALINDIA,Return Spike,302.55,5.31,3.3,Medium
2013-09-05,COALINDIA,Return Spike,283.4,6.96,3.04,Medium
2013-12-13,COALINDIA,Volume Spike,283.1,0.75,3.13,Medium
2014-01-15,COALINDIA,Volume Spike,295.2,2.18,4.92,Medium
2014-01-16,COALINDIA,Volume Spike,302.65,2.52,3.39,Medium
2014-01-17,COALINDIA,Return Crash,272.0,-10.13,-4.57,High
2014-04-04,COALINDIA,Volume Spike,281.7,0.43,3.36,Medium
2014-05-09,COALINDIA,Return Spike,308.65,5.07,3.13,Medium
2014-05-12,COALINDIA,Return Spike,331.05,7.26,3.87,Medium
2014-05-16,COALINDIA,Volume Spike,345.4,1.48,3.79,Medium
2014-05-19,COALINDIA,Return Spike,388.95,12.61,5.06,High
2015-01-29,COALINDIA,Volume Spike,374.95,-2.31,4.44,Medium
2015-01-30,COALINDIA,Volume Spike,360.85,-3.76,4.57,Medium
2015-02-02,COALINDIA,Volume Spike,355.1,-1.59,5.79,High
2015-02-11,COALINDIA,Volume Spike,372.1,1.07,3.81,Medium
2015-04-08,COALINDIA,Return Spike,380.35,5.77,3.03,Medium
2016-02-15,COALINDIA,Return Spike,324.25,7.07,3.51,Medium
2016-02-25,COALINDIA,Volume Spike,299.4,1.41,3.57,Medium
2016-05-30,COALINDIA,Volume Spike,292.55,4.0,4.4,Medium
2016-08-19,COALINDIA,Volume Spike,334.15,-1.45,3.26,Medium
2016-11-10,COALINDIA,Return Spike,333.2,5.09,3.83,Medium
2017-01-11,COALINDIA,Return Spike,316.85,5.41,3.17,Medium
2017-01-31,COALINDIA,Volume Spike,309.2,-1.75,4.78,Medium
2017-03-14,COALINDIA,Return Crash,294.95,-6.75,-4.08,Medium
2017-08-17,COALINDIA,Volume Spike,246.95,3.78,4.24,Medium
2017-12-15,COALINDIA,Volume Spike,271.0,3.1,3.1,Medium
2018-01-09,COALINDIA,Volume Spike,304.05,5.77,4.87,Medium
2018-01-09,COALINDIA,Return Spike,304.05,5.77,3.84,Medium
2018-03-16,COALINDIA,Return Crash,278.2,-5.85,-3.38,Medium
2018-05-07,COALINDIA,Volume Spike,267.4,-1.44,3.13,Medium
2018-08-13,COALINDIA,Volume Spike,279.05,1.18,3.0,Medium
2018-10-31,COALINDIA,Volume Spike,266.15,-3.52,4.48,Medium
2018-11-02,COALINDIA,Volume Spike,261.55,0.17,6.4,High
2019-01-31,COALINDIA,Volume Spike,224.65,-0.24,3.82,Medium
2019-02-28,COALINDIA,Volume Spike,228.3,3.09,4.08,Medium
2019-04-16,COALINDIA,Volume Spike,251.6,0.64,5.72,High
2019-05-31,COALINDIA,Volume Spike,253.5,0.22,3.42,Medium
2019-07-19,COALINDIA,Volume Spike,221.9,0.73,3.29,Medium
2019-09-05,COALINDIA,Return Spike,194.85,6.97,3.48,Medium
2020-01-31,COALINDIA,Volume Spike,181.7,-3.33,3.34,Medium
2020-03-19,COALINDIA,Return Crash,123.55,-14.82,-4.2,Medium
2020-06-18,COALINDIA,Volume Spike,137.6,6.3,3.13,Medium
2020-12-21,COALINDIA,Return Crash,132.95,-6.18,-3.2,Medium
2021-02-25,COALINDIA,Return Spike,156.1,8.1,3.2,Medium
2021-02-25,COALINDIA,Volume Spike,156.1,8.1,4.08,Medium
2021-02-26,COALINDIA,Volume Spike,152.2,-2.5,3.78,Medium
2010-07-09,DIVISLAB,Volume Spike,758.25,-0.34,3.02,Medium
2010-07-29,DIVISLAB,Volume Spike,752.9,-2.13,3.06,Medium
2010-09-16,DIVISLAB,Return Crash,722.05,-3.59,-3.1,Medium
2010-09-17,DIVISLAB,Volume Spike,720.95,-0.15,3.75,Medium
2010-09-21,DIVISLAB,Volume Spike,708.1,-1.37,3.02,Medium
2010-11-08,DIVISLAB,Volume Spike,737.35,4.56,3.51,Medium
2010-11-08,DIVISLAB,Return Spike,737.35,4.56,3.47,Medium
2010-11-09,DIVISLAB,Volume Spike,741.1,0.51,3.18,Medium
2010-11-10,DIVISLAB,Volume Spike,721.7,-2.62,4.08,Medium
2011-02-04,DIVISLAB,Volume Spike,656.95,4.0,4.19,Medium
2011-02-07,DIVISLAB,Volume Spike,650.85,-0.93,3.19,Medium
2011-03-30,DIVISLAB,Volume Spike,678.75,4.49,4.2,Medium
2011-03-31,DIVISLAB,Volume Spike,674.95,-0.56,3.08,Medium
2011-04-11,DIVISLAB,Volume Spike,706.6,2.08,3.31,Medium
2011-05-04,DIVISLAB,Volume Spike,700.3,-2.25,5.44,High
2011-05-11,DIVISLAB,Volume Spike,717.8,2.81,4.36,Medium
2011-05-20,DIVISLAB,Volume Spike,727.4,2.44,6.31,High
2011-05-23,DIVISLAB,Volume Spike,744.25,2.32,4.42,Medium
2011-06-30,DIVISLAB,Volume Spike,787.5,0.59,3.11,Medium
2012-01-30,DIVISLAB,Return Crash,785.6,-3.91,-3.23,Medium
2012-02-15,DIVISLAB,Volume Spike,729.8,-0.49,4.41,Medium
2012-03-30,DIVISLAB,Volume Spike,766.05,2.9,3.4,Medium
2012-04-12,DIVISLAB,Volume Spike,798.2,3.02,3.27,Medium
2012-05-14,DIVISLAB,Return Spike,881.85,7.29,4.32,Medium
2012-05-14,DIVISLAB,Volume Spike,881.85,7.29,3.43,Medium
2012-05-15,DIVISLAB,Volume Spike,897.35,1.76,3.22,Medium
2012-08-28,DIVISLAB,Volume Spike,1130.8,-4.75,5.37,High
2012-08-28,DIVISLAB,Return Crash,1130.8,-4.75,-3.28,Medium
2012-11-30,DIVISLAB,Volume Spike,1184.9,0.36,7.41,High
2013-03-19,DIVISLAB,Volume Spike,999.9,-2.45,3.31,Medium
2013-03-22,DIVISLAB,Volume Spike,1000.0,3.16,3.01,Medium
2013-04-02,DIVISLAB,Return Spike,1042.55,4.71,3.16,Medium
2013-05-21,DIVISLAB,Volume Spike,1006.45,-7.0,5.04,High
2013-05-21,DIVISLAB,Return Crash,1006.45,-7.0,-3.81,Medium
2013-11-11,DIVISLAB,Volume Spike,1101.3,7.93,5.78,High
2013-11-11,DIVISLAB,Return Spike,1101.3,7.93,3.9,Medium
2013-11-12,DIVISLAB,Volume Spike,1138.4,3.37,3.3,Medium
2014-02-04,DIVISLAB,Volume Spike,1341.5,2.17,3.46,Medium
2014-05-26,DIVISLAB,Volume Spike,1242.65,-4.1,3.26,Medium
2014-06-27,DIVISLAB,Return Spike,1437.55,5.9,3.71,Medium
2014-11-05,DIVISLAB,Volume Spike,1721.15,-4.68,3.04,Medium
2015-02-02,DIVISLAB,Volume Spike,1689.8,-3.02,3.03,Medium
2015-03-05,DIVISLAB,Volume Spike,1772.65,1.91,3.22,Medium
2015-05-20,DIVISLAB,Volume Spike,1783.45,-0.88,4.82,Medium
2015-08-10,DIVISLAB,Return Spike,2062.75,4.69,3.14,Medium
2015-08-10,DIVISLAB,Volume Spike,2062.75,4.69,3.77,Medium
2015-08-19,DIVISLAB,Return Spike,2416.2,5.48,3.11,Medium
2015-08-24,DIVISLAB,Return Crash,2224.8,-8.82,-4.57,High
2015-09-23,DIVISLAB,Return Crash,1114.7,-49.54,-7.17,High
2016-01-27,DIVISLAB,Return Spike,1144.2,5.25,3.72,Medium
2016-08-16,DIVISLAB,Volume Spike,1261.9,5.68,3.68,Medium
2016-08-16,DIVISLAB,Return Spike,1261.9,5.68,3.68,Medium
2016-09-29,DIVISLAB,Volume Spike,1295.05,-1.76,3.02,Medium
2016-10-27,DIVISLAB,Volume Spike,1276.2,0.06,3.97,Medium
2016-11-15,DIVISLAB,Return Crash,1161.5,-4.88,-3.56,Medium
2016-12-08,DIVISLAB,Volume Spike,1161.0,0.02,3.34,Medium
2016-12-23,DIVISLAB,Return Crash,861.5,-22.26,-6.82,High
2016-12-23,DIVISLAB,Volume Spike,861.5,-22.26,13.32,High
2016-12-26,DIVISLAB,Volume Spike,762.3,-11.51,9.63,High
2016-12-26,DIVISLAB,Return Crash,762.3,-11.51,-3.08,Medium
2017-03-08,DIVISLAB,Volume Spike,774.45,2.58,3.09,Medium
2017-03-21,DIVISLAB,Volume Spike,634.45,-19.76,10.26,High
2017-03-21,DIVISLAB,Return Crash,634.45,-19.76,-4.11,Medium
2017-03-22,DIVISLAB,Volume Spike,627.0,-1.17,3.88,Medium
2017-05-29,DIVISLAB,Volume Spike,569.5,4.44,3.84,Medium
2017-05-31,DIVISLAB,Volume Spike,582.15,-0.99,6.19,High
2017-07-10,DIVISLAB,Return Spike,735.4,8.15,4.11,Medium
2017-09-12,DIVISLAB,Volume Spike,805.1,11.88,7.19,High
2017-09-12,DIVISLAB,Return Spike,805.1,11.88,4.24,Medium
2017-09-13,DIVISLAB,Volume Spike,828.25,2.88,6.96,High
2017-09-14,DIVISLAB,Volume Spike,870.05,5.05,3.65,Medium
2017-09-20,DIVISLAB,Volume Spike,942.8,9.22,4.12,Medium
2017-09-21,DIVISLAB,Volume Spike,990.9,5.1,3.13,Medium
2017-09-27,DIVISLAB,Return Crash,850.75,-11.39,-3.4,Medium
2017-11-02,DIVISLAB,Volume Spike,1072.9,16.16,6.5,High
2017-11-02,DIVISLAB,Return Spike,1072.9,16.16,4.01,Medium
2018-01-25,DIVISLAB,Volume Spike,1120.3,1.58,3.07,Medium
2018-05-28,DIVISLAB,Return Crash,1092.15,-4.94,-3.13,Medium
2018-05-31,DIVISLAB,Volume Spike,1047.45,-0.39,4.03,Medium
2018-09-17,DIVISLAB,Volume Spike,1364.7,2.64,3.01,Medium
2018-10-29,DIVISLAB,Return Spike,1440.15,14.68,5.0,High
2018-10-29,DIVISLAB,Volume Spike,1440.15,14.68,4.94,Medium
2018-11-30,DIVISLAB,Volume Spike,1439.35,-1.18,7.24,High
2019-02-04,DIVISLAB,Volume Spike,1609.45,5.03,3.93,Medium
2019-05-27,DIVISLAB,Volume Spike,1593.45,-9.75,5.12,High
2019-05-27,DIVISLAB,Return Crash,1593.45,-9.75,-4.83,High
2019-08-13,DIVISLAB,Return Crash,1524.4,-8.44,-3.79,Medium
2019-08-13,DIVISLAB,Volume Spike,1524.4,-8.44,4.25,Medium
2019-11-15,DIVISLAB,Return Spike,1747.7,5.51,3.41,Medium
2019-11-15,DIVISLAB,Volume Spike,1747.7,5.51,4.54,Medium
2020-02-06,DIVISLAB,Volume Spike,2023.0,3.07,3.34,Medium
2020-03-12,DIVISLAB,Return Crash,1912.85,-11.0,-5.75,High
2020-07-02,DIVISLAB,Volume Spike,2196.65,-1.99,4.79,Medium
2020-07-23,DIVISLAB,Return Spike,2397.45,6.0,3.48,Medium
2020-08-10,DIVISLAB,Volume Spike,3117.8,11.96,3.59,Medium
2020-08-10,DIVISLAB,Return Spike,3117.8,11.96,4.69,High
2020-09-18,DIVISLAB,Volume Spike,3344.4,4.15,3.43,Medium
2020-09-24,DIVISLAB,Volume Spike,3020.45,-4.04,4.57,Medium
2020-11-09,DIVISLAB,Volume Spike,3423.75,5.76,4.86,Medium
2020-11-27,DIVISLAB,Volume Spike,3605.1,1.72,3.2,Medium
2010-05-12,DRREDDY,Return Spike,1260.35,5.51,3.17,Medium
2010-07-15,DRREDDY,Volume Spike,1469.4,1.51,4.63,Medium
2010-09-30,DRREDDY,Volume Spike,1441.7,-1.21,3.01,Medium
2010-12-20,DRREDDY,Return Crash,1704.2,-4.73,-3.9,Medium
2010-12-22,DRREDDY,Volume Spike,1676.85,-0.58,3.47,Medium
2011-02-24,DRREDDY,Return Crash,1500.1,-4.94,-3.0,Medium
2011-05-13,DRREDDY,Volume Spike,1651.65,3.32,3.43,Medium
2011-06-15,DRREDDY,Volume Spike,1555.6,0.05,4.36,Medium
2011-06-28,DRREDDY,Volume Spike,1543.2,2.55,3.35,Medium
2011-10-28,DRREDDY,Return Spike,1671.2,4.9,3.22,Medium
2012-02-03,DRREDDY,Volume Spike,1670.75,2.4,4.1,Medium
2012-07-20,DRREDDY,Volume Spike,1611.2,-2.62,3.06,Medium
2012-09-17,DRREDDY,Return Crash,1670.5,-4.41,-3.85,Medium
2012-09-17,DRREDDY,Volume Spike,1670.5,-4.41,3.05,Medium
2013-04-01,DRREDDY,Return Spike,1825.9,3.36,3.03,Medium
2013-04-25,DRREDDY,Return Spike,1992.5,4.79,3.29,Medium
2013-05-14,DRREDDY,Volume Spike,2027.9,-2.38,3.08,Medium
2013-10-31,DRREDDY,Volume Spike,2456.4,-2.65,4.44,Medium
2014-02-28,DRREDDY,Volume Spike,2895.5,2.2,3.28,Medium
2014-08-28,DRREDDY,Volume Spike,2947.9,0.86,3.45,Medium
2014-10-08,DRREDDY,Return Crash,2966.2,-4.29,-3.15,Medium
2014-12-16,DRREDDY,Volume Spike,3142.35,-6.36,3.42,Medium
2014-12-16,DRREDDY,Return Crash,3142.35,-6.36,-3.54,Medium
2015-01-29,DRREDDY,Volume Spike,3363.3,3.84,3.6,Medium
2015-05-12,DRREDDY,Volume Spike,3468.9,3.25,3.4,Medium
2015-07-30,DRREDDY,Volume Spike,3913.1,5.41,3.94,Medium
2015-07-30,DRREDDY,Return Spike,3913.1,5.41,3.46,Medium
2015-08-24,DRREDDY,Return Crash,4043.25,-4.73,-3.12,Medium
2015-10-23,DRREDDY,Volume Spike,4188.4,0.35,3.31,Medium
2015-11-06,DRREDDY,Return Crash,3630.65,-14.56,-5.63,High
2015-11-06,DRREDDY,Volume Spike,3630.65,-14.56,5.47,High
2015-11-19,DRREDDY,Volume Spike,3281.1,-2.55,3.04,Medium
2016-05-12,DRREDDY,Volume Spike,2971.45,3.58,4.65,Medium
2016-06-16,DRREDDY,Volume Spike,3048.25,-1.25,3.1,Medium
2016-07-26,DRREDDY,Volume Spike,3319.65,-4.67,3.81,Medium
2016-07-27,DRREDDY,Volume Spike,2980.2,-10.23,7.63,High
2016-07-27,DRREDDY,Return Crash,2980.2,-10.23,-4.88,High
2016-10-25,DRREDDY,Volume Spike,3200.6,3.6,3.91,Medium
2016-11-04,DRREDDY,Return Crash,3079.7,-5.6,-4.56,High
2016-11-09,DRREDDY,Return Spike,3282.55,5.24,3.64,Medium
2017-02-16,DRREDDY,Volume Spike,2923.2,0.41,4.25,Medium
2017-02-21,DRREDDY,Volume Spike,2894.05,-0.16,3.52,Medium
2017-03-09,DRREDDY,Return Crash,2704.85,-4.99,-3.88,Medium
2017-03-09,DRREDDY,Volume Spike,2704.85,-4.99,3.39,Medium
2017-04-03,DRREDDY,Return Spike,2744.45,4.26,3.16,Medium
2017-05-12,DRREDDY,Volume Spike,2580.8,-0.51,4.72,Medium
2017-05-15,DRREDDY,Volume Spike,2675.8,3.68,3.16,Medium
2017-07-27,DRREDDY,Volume Spike,2620.35,-3.21,5.78,High
2017-07-28,DRREDDY,Volume Spike,2464.95,-5.93,4.12,Medium
2017-07-28,DRREDDY,Return Crash,2464.95,-5.93,-3.63,Medium
2017-07-31,DRREDDY,Volume Spike,2383.2,-3.32,3.43,Medium
2017-09-01,DRREDDY,Return Spike,2217.55,9.73,4.2,Medium
2017-09-01,DRREDDY,Volume Spike,2217.55,9.73,3.53,Medium
2017-09-21,DRREDDY,Volume Spike,2486.55,7.42,3.81,Medium
2017-10-31,DRREDDY,Volume Spike,2428.15,-0.42,3.49,Medium
2017-11-21,DRREDDY,Volume Spike,2394.15,5.26,3.74,Medium
2018-01-25,DRREDDY,Volume Spike,2507.75,-2.02,4.59,Medium
2018-01-29,DRREDDY,Return Crash,2357.1,-6.01,-3.58,Medium
2018-04-26,DRREDDY,Volume Spike,2076.85,-1.94,3.07,Medium
2018-05-21,DRREDDY,Return Crash,1893.05,-4.49,-3.18,Medium
2018-05-22,DRREDDY,Volume Spike,2009.6,6.16,3.78,Medium
2018-05-22,DRREDDY,Return Spike,2009.6,6.16,3.98,Medium
2018-05-31,DRREDDY,Volume Spike,1936.6,-1.28,3.08,Medium
2018-06-15,DRREDDY,Volume Spike,2349.85,3.54,3.78,Medium
2018-07-16,DRREDDY,Volume Spike,2093.95,-9.74,3.21,Medium
2018-07-16,DRREDDY,Return Crash,2093.95,-9.74,-4.14,Medium
2018-09-03,DRREDDY,Volume Spike,2593.4,4.07,3.56,Medium
2018-11-21,DRREDDY,Volume Spike,2601.8,6.49,4.49,Medium
2019-02-11,DRREDDY,Return Crash,2615.35,-5.57,-3.07,Medium
2019-02-15,DRREDDY,Volume Spike,2563.35,-3.9,5.31,High
2019-05-20,DRREDDY,Volume Spike,2589.4,-5.67,3.86,Medium
2019-05-20,DRREDDY,Return Crash,2589.4,-5.67,-4.25,Medium
2019-07-30,DRREDDY,Volume Spike,2560.0,-3.54,3.65,Medium
2019-11-01,DRREDDY,Volume Spike,2756.6,-0.96,5.09,High
2020-01-27,DRREDDY,Return Spike,3188.75,5.19,3.83,Medium
2020-01-27,DRREDDY,Volume Spike,3188.75,5.19,6.31,High
2020-01-28,DRREDDY,Volume Spike,3189.15,0.01,3.04,Medium
2020-03-20,DRREDDY,Return Spike,2897.25,10.42,4.29,Medium
2020-04-07,DRREDDY,Return Spike,3583.2,13.87,4.26,Medium
2020-05-20,DRREDDY,Volume Spike,3910.2,5.69,3.19,Medium
2020-07-29,DRREDDY,Return Spike,4302.2,6.19,3.2,Medium
2020-07-29,DRREDDY,Volume Spike,4302.2,6.19,4.82,Medium
2020-07-30,DRREDDY,Volume Spike,4516.6,4.98,4.82,Medium
2020-09-17,DRREDDY,Volume Spike,4827.25,4.31,5.68,High
2020-09-18,DRREDDY,Return Spike,5333.35,10.48,4.51,High
2020-09-18,DRREDDY,Volume Spike,5333.35,10.48,8.59,High
2020-09-21,DRREDDY,Volume Spike,5142.0,-3.59,4.03,Medium
2021-01-29,DRREDDY,Volume Spike,4602.7,-5.52,3.45,Medium
2021-01-29,DRREDDY,Return Crash,4602.7,-5.52,-3.24,Medium
2021-02-02,DRREDDY,Volume Spike,4482.5,1.23,3.33,Medium
2021-04-12,DRREDDY,Volume Spike,4996.95,4.97,3.43,Medium
2021-04-13,DRREDDY,Volume Spike,4777.3,-4.4,3.31,Medium
2010-02-16,EICHERMOT,Volume Spike,527.5,1.74,5.87,High
2010-02-17,EICHERMOT,Return Spike,591.2,12.08,3.57,Medium
2010-02-17,EICHERMOT,Volume Spike,591.2,12.08,10.09,High
2010-02-18,EICHERMOT,Volume Spike,578.6,-2.13,4.02,Medium
2010-04-09,EICHERMOT,Volume Spike,676.55,-0.97,3.28,Medium
2010-04-29,EICHERMOT,Return Spike,802.8,16.93,4.65,High
2010-04-29,EICHERMOT,Volume Spike,802.8,16.93,15.98,High
2010-04-30,EICHERMOT,Volume Spike,800.9,-0.24,5.73,High
2010-06-11,EICHERMOT,Return Spike,922.8,15.22,4.54,High
2010-06-11,EICHERMOT,Volume Spike,922.8,15.22,16.26,High
2010-06-14,EICHERMOT,Volume Spike,904.35,-2.0,4.51,Medium
2010-06-15,EICHERMOT,Volume Spike,939.4,3.88,5.77,High
2010-08-12,EICHERMOT,Return Spike,1098.35,8.84,3.1,Medium
2010-08-12,EICHERMOT,Volume Spike,1098.35,8.84,4.98,Medium
2010-08-26,EICHERMOT,Return Spike,1199.3,13.2,3.97,Medium
2010-08-26,EICHERMOT,Volume Spike,1199.3,13.2,8.44,High
2010-08-27,EICHERMOT,Volume Spike,1247.65,4.03,5.0,High
2010-10-04,EICHERMOT,Volume Spike,1373.5,6.32,4.36,Medium
2010-11-03,EICHERMOT,Volume Spike,1392.95,5.03,3.29,Medium
2010-11-22,EICHERMOT,Volume Spike,1204.6,-0.67,4.32,Medium
2011-01-10,EICHERMOT,Volume Spike,1106.3,-6.96,6.99,High
2011-01-10,EICHERMOT,Return Crash,1106.3,-6.96,-3.1,Medium
2011-01-31,EICHERMOT,Volume Spike,1022.9,-2.54,3.62,Medium
2011-02-02,EICHERMOT,Return Spike,1074.8,7.04,3.06,Medium
2011-02-02,EICHERMOT,Volume Spike,1074.8,7.04,8.94,High
2011-03-01,EICHERMOT,Volume Spike,1096.85,3.56,3.09,Medium
2011-03-16,EICHERMOT,Volume Spike,1140.35,3.96,3.57,Medium
2011-05-09,EICHERMOT,Volume Spike,1289.5,12.1,11.79,High
2011-05-09,EICHERMOT,Return Spike,1289.5,12.1,5.05,High
2011-06-16,EICHERMOT,Volume Spike,1283.75,-0.64,6.66,High
2011-06-20,EICHERMOT,Volume Spike,1202.2,-3.36,5.87,High
2011-06-21,EICHERMOT,Volume Spike,1206.6,0.37,4.71,Medium
2011-06-22,EICHERMOT,Volume Spike,1208.4,0.15,4.05,Medium
2011-08-01,EICHERMOT,Volume Spike,1357.15,2.79,4.45,Medium
2011-09-07,EICHERMOT,Volume Spike,1465.4,6.89,8.48,High
2011-09-07,EICHERMOT,Return Spike,1465.4,6.89,4.22,Medium
2011-09-08,EICHERMOT,Volume Spike,1400.5,-4.43,5.05,High
2011-09-09,EICHERMOT,Volume Spike,1431.85,2.24,4.98,Medium
2011-09-16,EICHERMOT,Volume Spike,1471.3,1.56,3.23,Medium
2011-09-20,EICHERMOT,Volume Spike,1555.75,3.77,3.1,Medium
2011-11-15,EICHERMOT,Volume Spike,1667.4,-0.77,8.36,High
2011-11-25,EICHERMOT,Volume Spike,1610.25,-0.2,5.09,High
2011-12-21,EICHERMOT,Volume Spike,1459.1,3.3,5.08,High
2012-01-03,EICHERMOT,Return Spike,1565.6,4.7,3.11,Medium
2012-01-18,EICHERMOT,Volume Spike,1584.95,-1.2,3.06,Medium
2012-02-01,EICHERMOT,Volume Spike,1701.0,1.76,3.51,Medium
2012-02-14,EICHERMOT,Volume Spike,1736.35,0.73,5.14,High
2012-03-14,EICHERMOT,Volume Spike,1803.25,2.21,3.03,Medium
2012-03-15,EICHERMOT,Volume Spike,1855.85,2.92,3.18,Medium
2012-03-16,EICHERMOT,Volume Spike,1901.7,2.47,4.68,Medium
2012-03-19,EICHERMOT,Volume Spike,1919.7,0.95,3.27,Medium
2012-03-26,EICHERMOT,Volume Spike,1895.55,-0.78,7.71,High
2012-04-02,EICHERMOT,Volume Spike,2105.15,5.61,4.14,Medium
2012-06-29,EICHERMOT,Volume Spike,1999.9,1.8,3.05,Medium
2012-07-17,EICHERMOT,Volume Spike,1940.7,-0.66,4.52,Medium
2012-07-30,EICHERMOT,Volume Spike,1959.8,0.48,3.68,Medium
2012-08-16,EICHERMOT,Return Spike,2221.25,5.68,3.7,Medium
2012-11-05,EICHERMOT,Volume Spike,2410.35,0.79,5.64,High
2012-11-06,EICHERMOT,Return Spike,2542.05,5.46,3.02,Medium
2012-11-06,EICHERMOT,Volume Spike,2542.05,5.46,3.71,Medium
2012-11-20,EICHERMOT,Volume Spike,2355.2,0.8,4.84,Medium
2012-11-26,EICHERMOT,Return Spike,2582.6,6.41,3.06,Medium
2013-01-23,EICHERMOT,Volume Spike,2671.25,-0.96,3.54,Medium
2013-02-14,EICHERMOT,Volume Spike,2687.0,2.37,4.81,Medium
2013-02-18,EICHERMOT,Volume Spike,2689.55,1.14,4.42,Medium
2013-03-19,EICHERMOT,Volume Spike,2766.65,-0.29,3.03,Medium
2013-03-28,EICHERMOT,Volume Spike,2562.2,-0.03,4.07,Medium
2013-04-02,EICHERMOT,Return Spike,2702.5,5.9,3.57,Medium
2013-04-09,EICHERMOT,Volume Spike,2728.8,0.97,4.76,Medium
2013-04-12,EICHERMOT,Volume Spike,2756.25,-1.85,4.04,Medium
2013-04-22,EICHERMOT,Volume Spike,2873.05,6.93,3.19,Medium
2013-04-22,EICHERMOT,Return Spike,2873.05,6.93,3.57,Medium
2013-05-14,EICHERMOT,Return Spike,3279.45,6.93,3.21,Medium
2013-05-14,EICHERMOT,Volume Spike,3279.45,6.93,5.32,High
2013-07-09,EICHERMOT,Volume Spike,3699.4,1.12,3.11,Medium
2013-07-17,EICHERMOT,Volume Spike,3861.4,2.26,3.34,Medium
2013-08-06,EICHERMOT,Volume Spike,3303.9,-4.52,4.86,Medium
2013-09-18,EICHERMOT,Volume Spike,3582.65,0.31,3.75,Medium
2013-09-23,EICHERMOT,Volume Spike,3388.65,-2.47,4.55,Medium
2013-11-08,EICHERMOT,Volume Spike,4135.95,2.9,3.28,Medium
2013-11-21,EICHERMOT,Volume Spike,4205.8,-0.62,4.05,Medium
2013-11-28,EICHERMOT,Volume Spike,4644.75,3.43,4.89,Medium
2013-12-02,EICHERMOT,Volume Spike,4998.65,6.64,3.97,Medium
2013-12-03,EICHERMOT,Volume Spike,5137.75,2.78,3.29,Medium
2014-01-13,EICHERMOT,Volume Spike,5055.0,0.92,4.72,Medium
2014-02-12,EICHERMOT,Volume Spike,4437.55,0.45,4.16,Medium
2014-02-13,EICHERMOT,Volume Spike,4818.65,8.59,10.05,High
2014-02-13,EICHERMOT,Return Spike,4818.65,8.59,3.8,Medium
2014-02-14,EICHERMOT,Volume Spike,4849.5,0.64,3.3,Medium
2014-05-21,EICHERMOT,Return Spike,7266.15,8.37,3.67,Medium
2014-08-05,EICHERMOT,Volume Spike,8447.85,0.25,3.05,Medium
2014-08-12,EICHERMOT,Volume Spike,9291.6,8.19,5.91,High
2014-08-12,EICHERMOT,Return Spike,9291.6,8.19,3.2,Medium
2014-08-13,EICHERMOT,Return Spike,10359.25,11.49,4.02,Medium
2014-08-13,EICHERMOT,Volume Spike,10359.25,11.49,7.34,High
2014-09-03,EICHERMOT,Return Spike,11101.9,8.58,3.1,Medium
2014-11-14,EICHERMOT,Volume Spike,13992.9,6.07,3.91,Medium
2015-01-27,EICHERMOT,Volume Spike,16089.25,6.23,3.15,Medium
2015-02-11,EICHERMOT,Return Spike,16141.3,6.66,3.02,Medium
2015-03-04,EICHERMOT,Volume Spike,16047.95,0.88,3.73,Medium
2015-05-11,EICHERMOT,Volume Spike,16871.6,6.91,3.13,Medium
2015-05-13,EICHERMOT,Volume Spike,18089.55,5.43,3.5,Medium
2015-05-29,EICHERMOT,Volume Spike,18896.45,5.06,6.6,High
2015-08-24,EICHERMOT,Return Crash,18585.5,-9.18,-3.79,Medium
2016-02-05,EICHERMOT,Return Spike,18119.15,7.25,3.07,Medium
2016-02-05,EICHERMOT,Volume Spike,18119.15,7.25,4.23,Medium
2016-05-05,EICHERMOT,Volume Spike,19686.65,-0.38,3.39,Medium
2016-05-13,EICHERMOT,Volume Spike,18992.8,-3.85,12.22,High
2016-07-28,EICHERMOT,Volume Spike,21099.8,3.74,4.15,Medium
2016-07-29,EICHERMOT,Return Spike,22460.85,6.45,4.1,Medium
2016-07-29,EICHERMOT,Volume Spike,22460.85,6.45,4.91,Medium
2016-08-31,EICHERMOT,Volume Spike,22750.95,-1.27,3.44,Medium
2016-11-11,EICHERMOT,Return Crash,21685.2,-5.99,-3.03,Medium
2016-11-15,EICHERMOT,Volume Spike,20281.15,-6.47,3.43,Medium
2016-11-16,EICHERMOT,Volume Spike,21116.7,4.12,3.02,Medium
2017-05-08,EICHERMOT,Volume Spike,26919.45,4.2,3.09,Medium
2017-05-11,EICHERMOT,Volume Spike,29469.05,5.74,3.73,Medium
2017-05-11,EICHERMOT,Return Spike,29469.05,5.74,3.39,Medium
2017-06-29,EICHERMOT,Volume Spike,27340.05,0.42,3.46,Medium
2017-11-01,EICHERMOT,Volume Spike,30929.8,-4.04,3.29,Medium
2018-08-10,EICHERMOT,Return Spike,28997.7,5.68,3.53,Medium
2018-09-24,EICHERMOT,Return Crash,25852.8,-7.47,-3.84,Medium
2018-10-03,EICHERMOT,Volume Spike,23235.75,-6.12,3.13,Medium
2018-10-04,EICHERMOT,Volume Spike,21907.85,-5.71,4.37,Medium
2019-01-02,EICHERMOT,Volume Spike,21162.3,-8.76,5.77,High
2019-01-02,EICHERMOT,Return Crash,21162.3,-8.76,-3.17,Medium
2019-01-03,EICHERMOT,Volume Spike,20211.45,-4.49,4.57,Medium
2019-01-04,EICHERMOT,Volume Spike,20103.6,-0.53,3.0,Medium
2019-03-05,EICHERMOT,Volume Spike,21505.4,7.8,3.32,Medium
2019-03-05,EICHERMOT,Return Spike,21505.4,7.8,3.24,Medium
2019-05-13,EICHERMOT,Return Crash,18751.75,-7.87,-3.65,Medium
2019-05-13,EICHERMOT,Volume Spike,18751.75,-7.87,4.05,Medium
2019-05-14,EICHERMOT,Volume Spike,19230.9,2.56,3.78,Medium
2019-09-20,EICHERMOT,Return Spike,17860.2,13.38,4.54,High
2020-03-23,EICHERMOT,Return Crash,13705.9,-12.58,-3.8,Medium
2020-04-17,EICHERMOT,Return Spike,14770.35,10.46,3.08,Medium
2020-05-28,EICHERMOT,Volume Spike,16236.5,8.48,3.24,Medium
2020-08-24,EICHERMOT,Volume Spike,2176.45,-89.97,13.81,High
2020-08-24,EICHERMOT,Return Crash,2176.45,-89.97,-7.47,High
2020-08-25,EICHERMOT,Volume Spike,2217.25,1.87,4.5,Medium
2020-11-13,EICHERMOT,Volume Spike,2514.6,6.97,5.77,High
2010-04-07,GRASIM,Volume Spike,2891.05,2.78,3.18,Medium
2010-05-20,GRASIM,Volume Spike,2522.9,-2.07,5.14,High
2010-05-21,GRASIM,Volume Spike,2452.95,-2.77,3.1,Medium
2010-05-25,GRASIM,Volume Spike,2319.0,-3.17,6.58,High
2010-05-26,GRASIM,Return Crash,1838.8,-20.71,-6.72,High
2010-05-26,GRASIM,Volume Spike,1838.8,-20.71,3.2,Medium
2010-07-08,GRASIM,Volume Spike,1862.5,2.41,3.81,Medium
2010-07-09,GRASIM,Volume Spike,1890.3,1.49,3.24,Medium
2010-07-29,GRASIM,Volume Spike,1849.5,1.08,3.28,Medium
2010-08-09,GRASIM,Volume Spike,1904.3,1.81,3.09,Medium
2010-08-16,GRASIM,Volume Spike,1967.95,4.88,6.51,High
2010-11-12,GRASIM,Return Crash,2295.15,-5.35,-3.6,Medium
2011-01-06,GRASIM,Volume Spike,2380.85,-1.02,3.32,Medium
2011-03-16,GRASIM,Volume Spike,2436.2,2.3,3.1,Medium
2011-06-20,GRASIM,Volume Spike,2013.55,-4.42,3.88,Medium
2012-05-23,GRASIM,Volume Spike,2382.45,-0.42,3.32,Medium
2012-06-15,GRASIM,Return Spike,2485.8,5.94,3.64,Medium
2012-07-31,GRASIM,Volume Spike,2870.25,3.68,3.68,Medium
2012-09-21,GRASIM,Return Spike,3235.75,4.03,3.04,Medium
2013-02-20,GRASIM,Volume Spike,3062.15,0.78,3.15,Medium
2013-04-25,GRASIM,Return Spike,2983.2,3.94,3.34,Medium
2013-08-21,GRASIM,Volume Spike,2315.15,-0.31,4.2,Medium
2013-08-29,GRASIM,Volume Spike,2301.65,3.57,4.27,Medium
2013-09-05,GRASIM,Return Spike,2301.8,5.36,3.41,Medium
2014-01-24,GRASIM,Volume Spike,2594.05,0.12,3.63,Medium
2014-01-28,GRASIM,Volume Spike,2592.9,0.02,3.23,Medium
2014-02-13,GRASIM,Return Crash,2468.1,-4.14,-3.27,Medium
2014-03-27,GRASIM,Volume Spike,2776.1,-1.23,3.98,Medium
2014-05-16,GRASIM,Volume Spike,3068.6,4.46,4.4,Medium
2014-06-09,GRASIM,Volume Spike,3697.7,11.55,4.52,Medium
2014-06-09,GRASIM,Return Spike,3697.7,11.55,4.93,High
2014-07-31,GRASIM,Volume Spike,3214.75,-1.45,3.57,Medium
2015-03-02,GRASIM,Return Spike,3987.3,6.23,3.46,Medium
2015-08-07,GRASIM,Volume Spike,3808.7,1.51,4.89,Medium
2015-08-24,GRASIM,Return Crash,3454.25,-4.72,-3.22,Medium
2016-01-04,GRASIM,Return Crash,3657.25,-2.93,-3.32,Medium
2016-06-22,GRASIM,Volume Spike,4276.9,-0.73,3.04,Medium
2016-06-30,GRASIM,Return Spike,4665.65,4.29,3.91,Medium
2016-06-30,GRASIM,Volume Spike,4665.65,4.29,3.35,Medium
2016-08-05,GRASIM,Return Spike,5265.45,5.4,4.14,Medium
2016-08-10,GRASIM,Return Crash,4843.5,-6.61,-4.44,Medium
2016-08-11,GRASIM,Return Crash,4539.6,-6.27,-3.65,Medium
2016-08-11,GRASIM,Volume Spike,4539.6,-6.27,4.33,Medium
2016-08-12,GRASIM,Volume Spike,4561.55,0.48,8.89,High
2016-10-06,GRASIM,Volume Spike,1009.2,-79.54,6.93,High
2016-10-06,GRASIM,Return Crash,1009.2,-79.54,-7.48,High
2016-10-07,GRASIM,Volume Spike,1024.95,1.56,3.04,Medium
2016-11-11,GRASIM,Volume Spike,899.0,-2.31,3.28,Medium
2017-01-25,GRASIM,Volume Spike,928.1,1.84,4.22,Medium
2017-01-30,GRASIM,Volume Spike,969.55,4.12,4.94,Medium
2017-01-31,GRASIM,Volume Spike,910.55,-6.09,3.33,Medium
2017-02-10,GRASIM,Volume Spike,1011.1,3.74,4.06,Medium
2017-02-28,GRASIM,Volume Spike,990.2,-2.76,8.05,High
2017-05-25,GRASIM,Volume Spike,1097.3,-0.05,4.52,Medium
2017-05-31,GRASIM,Volume Spike,1155.05,1.99,4.49,Medium
2017-07-04,GRASIM,Volume Spike,1266.95,-1.28,3.23,Medium
2017-07-18,GRASIM,Volume Spike,1307.8,0.09,3.07,Medium
2017-07-19,GRASIM,Return Crash,1050.0,-19.71,-6.57,High
2017-09-15,GRASIM,Volume Spike,1240.1,0.56,6.16,High
2018-03-28,GRASIM,Volume Spike,1050.9,-3.49,5.83,High
2018-05-02,GRASIM,Volume Spike,1095.75,0.19,3.23,Medium
2018-07-24,GRASIM,Volume Spike,999.55,8.48,3.41,Medium
2018-07-24,GRASIM,Return Spike,999.55,8.48,5.13,High
2018-08-14,GRASIM,Volume Spike,986.6,-0.03,3.06,Medium
2018-11-15,GRASIM,Return Crash,808.7,-7.72,-3.34,Medium
2019-01-09,GRASIM,Volume Spike,835.3,-0.16,3.02,Medium
2019-04-25,GRASIM,Volume Spike,924.8,5.03,4.66,Medium
2019-05-20,GRASIM,Return Spike,890.3,7.4,3.86,Medium
2019-05-28,GRASIM,Volume Spike,910.95,-2.6,3.08,Medium
2019-07-29,GRASIM,Return Crash,795.65,-9.06,-3.98,Medium
2019-07-29,GRASIM,Volume Spike,795.65,-9.06,4.36,Medium
2019-07-30,GRASIM,Volume Spike,762.55,-4.16,3.45,Medium
2019-09-20,GRASIM,Return Spike,750.95,7.29,3.05,Medium
2019-10-10,GRASIM,Volume Spike,696.6,3.91,3.3,Medium
2020-01-17,GRASIM,Volume Spike,768.25,1.61,3.17,Medium
2020-03-12,GRASIM,Return Crash,559.85,-10.46,-4.35,Medium
2020-03-13,GRASIM,Return Spike,604.95,8.06,3.31,Medium
2020-03-23,GRASIM,Return Crash,433.25,-18.16,-4.59,High
2020-03-25,GRASIM,Return Spike,451.35,12.81,3.18,Medium
2020-04-07,GRASIM,Return Spike,518.55,14.04,3.05,Medium
2020-08-18,GRASIM,Volume Spike,667.1,6.68,4.5,Medium
2020-09-03,GRASIM,Return Spike,724.75,6.82,3.0,Medium
2021-01-25,GRASIM,Volume Spike,1069.75,6.55,5.97,High
2021-01-25,GRASIM,Return Spike,1069.75,6.55,3.39,Medium
2021-02-01,GRASIM,Return Spike,1125.65,6.63,3.09,Medium
2010-04-21,HCLTECH,Return Spike,373.9,8.27,3.56,Medium
2010-04-21,HCLTECH,Volume Spike,373.9,8.27,4.08,Medium
2010-05-19,HCLTECH,Return Crash,371.85,-6.15,-3.06,Medium
2010-06-24,HCLTECH,Volume Spike,364.15,-2.31,7.52,High
2010-07-29,HCLTECH,Volume Spike,378.05,1.48,4.07,Medium
2010-08-26,HCLTECH,Volume Spike,413.9,1.06,3.19,Medium
2011-01-19,HCLTECH,Volume Spike,508.05,3.95,3.23,Medium
2011-02-24,HCLTECH,Volume Spike,440.9,-4.08,3.6,Medium
2011-03-01,HCLTECH,Return Spike,468.75,5.94,3.21,Medium
2011-04-20,HCLTECH,Return Spike,522.85,9.72,4.13,Medium
2011-04-20,HCLTECH,Volume Spike,522.85,9.72,5.86,High
2011-08-05,HCLTECH,Return Crash,443.45,-5.25,-3.36,Medium
2011-08-08,HCLTECH,Return Crash,419.25,-5.46,-3.15,Medium
2011-08-18,HCLTECH,Return Crash,396.8,-6.24,-3.13,Medium
2011-08-29,HCLTECH,Return Spike,390.45,7.62,3.6,Medium
2011-11-22,HCLTECH,Volume Spike,391.75,-0.71,3.04,Medium
2011-11-30,HCLTECH,Volume Spike,383.8,-1.75,4.94,Medium
2012-01-17,HCLTECH,Volume Spike,425.4,4.79,4.06,Medium
2012-03-19,HCLTECH,Volume Spike,498.95,0.36,3.21,Medium
2012-04-18,HCLTECH,Volume Spike,494.3,2.8,4.39,Medium
2012-06-11,HCLTECH,Volume Spike,482.5,-2.64,3.18,Medium
2012-07-25,HCLTECH,Volume Spike,513.55,6.81,6.35,High
2012-07-25,HCLTECH,Return Spike,513.55,6.81,3.7,Medium
2012-08-30,HCLTECH,Volume Spike,546.55,-0.18,3.05,Medium
2012-09-27,HCLTECH,Volume Spike,583.45,2.57,3.48,Medium
2012-10-03,HCLTECH,Volume Spike,591.35,1.76,3.13,Medium
2012-11-30,HCLTECH,Volume Spike,656.5,2.77,7.61,High
2013-01-14,HCLTECH,Volume Spike,672.8,4.33,3.79,Medium
2013-01-14,HCLTECH,Return Spike,672.8,4.33,3.36,Medium
2013-01-17,HCLTECH,Volume Spike,704.0,4.48,6.04,High
2013-01-17,HCLTECH,Return Spike,704.0,4.48,3.28,Medium
2013-03-28,HCLTECH,Volume Spike,795.0,2.53,3.42,Medium
2013-04-17,HCLTECH,Volume Spike,751.3,-1.51,3.73,Medium
2013-07-31,HCLTECH,Volume Spike,937.55,3.52,3.17,Medium
2013-10-17,HCLTECH,Return Crash,1083.05,-6.73,-3.1,Medium
2013-12-10,HCLTECH,Volume Spike,1154.85,1.0,3.13,Medium
2014-01-16,HCLTECH,Volume Spike,1390.7,4.54,3.31,Medium
2014-02-28,HCLTECH,Volume Spike,1575.55,0.18,3.17,Medium
2014-10-17,HCLTECH,Return Crash,1505.5,-9.08,-4.74,High
2014-10-17,HCLTECH,Volume Spike,1505.5,-9.08,3.83,Medium
2015-01-30,HCLTECH,Volume Spike,1791.75,8.66,4.57,Medium
2015-01-30,HCLTECH,Return Spike,1791.75,8.66,4.26,Medium
2015-03-18,HCLTECH,Volume Spike,2006.55,-1.6,3.4,Medium
2015-03-19,HCLTECH,Return Crash,979.65,-51.18,-7.3,High
2015-03-19,HCLTECH,Volume Spike,979.65,-51.18,3.19,Medium
2015-05-29,HCLTECH,Volume Spike,1010.75,3.13,3.23,Medium
2015-10-01,HCLTECH,Return Crash,857.05,-12.74,-4.94,High
2015-10-01,HCLTECH,Volume Spike,857.05,-12.74,7.14,High
2015-10-05,HCLTECH,Volume Spike,859.9,0.33,3.18,Medium
2016-01-19,HCLTECH,Volume Spike,838.25,-0.49,3.74,Medium
2016-02-09,HCLTECH,Return Crash,810.45,-4.62,-3.22,Medium
2016-03-09,HCLTECH,Volume Spike,815.65,0.05,3.97,Medium
2016-04-28,HCLTECH,Volume Spike,799.9,-4.5,4.16,Medium
2016-04-29,HCLTECH,Volume Spike,750.3,-6.2,3.65,Medium
2016-04-29,HCLTECH,Return Crash,750.3,-6.2,-3.23,Medium
2016-05-31,HCLTECH,Volume Spike,739.8,-1.04,4.77,Medium
2016-08-03,HCLTECH,Volume Spike,826.15,3.17,4.15,Medium
2017-05-11,HCLTECH,Volume Spike,838.7,-0.58,3.01,Medium
2017-06-06,HCLTECH,Return Spike,889.45,3.58,3.03,Medium
2017-07-27,HCLTECH,Volume Spike,890.25,-0.27,3.59,Medium
2017-10-26,HCLTECH,Volume Spike,869.05,-4.19,3.63,Medium
2017-10-26,HCLTECH,Return Crash,869.05,-4.19,-3.84,Medium
2017-12-13,HCLTECH,Volume Spike,866.35,-1.01,3.08,Medium
2018-01-16,HCLTECH,Volume Spike,949.25,4.4,3.33,Medium
2018-05-02,HCLTECH,Volume Spike,1000.5,-4.96,3.13,Medium
2018-05-03,HCLTECH,Return Crash,925.7,-7.48,-3.49,Medium
2018-06-28,HCLTECH,Volume Spike,909.6,-1.24,3.66,Medium
2018-10-19,HCLTECH,Return Crash,958.5,-6.42,-3.83,Medium
2018-12-07,HCLTECH,Volume Spike,961.95,-4.99,4.48,Medium
2019-01-30,HCLTECH,Volume Spike,1018.4,3.03,3.58,Medium
2019-05-10,HCLTECH,Volume Spike,1086.65,-4.39,3.25,Medium
2019-08-08,HCLTECH,Return Spike,1088.25,6.41,4.58,High
2019-08-08,HCLTECH,Volume Spike,1088.25,6.41,3.69,Medium
2019-12-05,HCLTECH,Return Crash,560.9,-50.16,-7.48,High
2020-01-20,HCLTECH,Volume Spike,589.25,-1.59,3.48,Medium
2020-02-28,HCLTECH,Return Crash,534.35,-6.75,-4.66,High
2020-03-12,HCLTECH,Return Crash,493.35,-8.09,-4.1,Medium
2020-03-16,HCLTECH,Return Crash,450.7,-8.56,-3.73,Medium
2020-03-20,HCLTECH,Return Spike,444.9,7.61,3.15,Medium
2020-04-07,HCLTECH,Return Spike,451.15,11.18,3.46,Medium
2020-05-07,HCLTECH,Volume Spike,511.75,-1.42,3.27,Medium
2020-07-16,HCLTECH,Volume Spike,627.75,2.04,3.59,Medium
2020-07-17,HCLTECH,Volume Spike,623.15,-0.73,3.93,Medium
2020-09-14,HCLTECH,Return Spike,794.95,10.16,4.23,Medium
2020-09-14,HCLTECH,Volume Spike,794.95,10.16,5.02,High
2021-04-26,HCLTECH,Volume Spike,928.8,-2.81,3.1,Medium
2010-08-18,HDFC,Return Crash,621.2,-79.35,-7.55,High
2010-08-18,HDFC,Volume Spike,621.2,-79.35,4.78,Medium
2010-08-19,HDFC,Volume Spike,645.05,3.84,5.08,High
2010-08-26,HDFC,Volume Spike,628.45,1.35,3.05,Medium
2012-02-24,HDFC,Volume Spike,676.4,-3.55,15.43,High
2012-03-29,HDFC,Volume Spike,666.8,0.89,3.24,Medium
2012-05-16,HDFC,Volume Spike,620.9,-3.78,3.66,Medium
2012-05-24,HDFC,Return Spike,663.8,4.45,3.17,Medium
2012-08-09,HDFC,Return Crash,694.9,-3.7,-3.35,Medium
2012-08-30,HDFC,Volume Spike,726.6,1.62,4.02,Medium
2012-08-31,HDFC,Volume Spike,735.3,1.2,4.43,Medium
2012-10-05,HDFC,Return Crash,749.95,-4.96,-3.38,Medium
2012-10-05,HDFC,Volume Spike,749.95,-4.96,10.43,High
2012-11-30,HDFC,Volume Spike,843.5,2.64,4.47,Medium
2013-08-27,HDFC,Return Crash,686.0,-7.8,-3.15,Medium
2013-09-20,HDFC,Volume Spike,810.4,-2.89,3.03,Medium
2014-05-16,HDFC,Volume Spike,885.8,-1.92,3.17,Medium
2014-12-15,HDFC,Return Spike,1124.3,5.12,3.03,Medium
2015-01-15,HDFC,Return Spike,1202.55,7.34,3.63,Medium
2015-08-27,HDFC,Return Spike,1193.9,8.3,4.07,Medium
2017-07-27,HDFC,Volume Spike,1728.2,5.8,3.48,Medium
2017-07-27,HDFC,Return Spike,1728.2,5.8,4.53,High
2018-01-15,HDFC,Volume Spike,1871.2,6.26,4.16,Medium
2018-01-15,HDFC,Return Spike,1871.2,6.26,4.51,High
2018-09-24,HDFC,Return Crash,1718.7,-6.56,-4.34,Medium
2019-05-20,HDFC,Return Spike,2122.5,6.46,4.45,Medium
2019-07-22,HDFC,Return Crash,2186.9,-5.06,-3.31,Medium
2019-08-26,HDFC,Return Spike,2148.35,5.12,3.03,Medium
2019-09-20,HDFC,Volume Spike,2049.3,3.78,3.73,Medium
2020-02-01,HDFC,Return Crash,2268.25,-6.04,-4.33,Medium
2020-03-12,HDFC,Return Crash,1875.7,-7.88,-3.79,Medium
2020-03-13,HDFC,Return Spike,2066.8,10.19,4.36,Medium
2020-03-16,HDFC,Return Crash,1841.75,-10.89,-3.8,Medium
2020-03-23,HDFC,Return Crash,1520.7,-13.3,-3.52,Medium
2020-10-06,HDFC,Return Spike,1934.4,8.36,4.35,Medium
2020-10-06,HDFC,Volume Spike,1934.4,8.36,3.96,Medium
2021-02-01,HDFC,Return Spike,2579.25,8.47,3.78,Medium
2010-05-10,HDFCBANK,Return Spike,1934.2,4.66,3.23,Medium
2011-07-14,HDFCBANK,Volume Spike,505.95,-79.92,3.04,Medium
2011-07-14,HDFCBANK,Return Crash,505.95,-79.92,-7.56,High
2011-07-19,HDFCBANK,Volume Spike,510.85,-0.82,4.14,Medium
2011-10-25,HDFCBANK,Volume Spike,468.0,-3.38,4.58,Medium
2013-08-27,HDFCBANK,Return Crash,561.9,-8.08,-3.48,Medium
2013-09-05,HDFCBANK,Return Spike,609.5,8.06,3.16,Medium
2014-01-17,HDFCBANK,Volume Spike,665.0,-1.2,5.97,High
2014-03-07,HDFCBANK,Volume Spike,711.45,5.31,4.21,Medium
2014-03-07,HDFCBANK,Return Spike,711.45,5.31,3.82,Medium
2014-03-10,HDFCBANK,Volume Spike,734.45,3.23,4.01,Medium
2014-05-09,HDFCBANK,Return Spike,756.8,5.36,3.56,Medium
2014-05-16,HDFCBANK,Volume Spike,804.7,2.07,3.12,Medium
2015-03-26,HDFCBANK,Volume Spike,1006.95,-2.64,3.93,Medium
2015-08-24,HDFCBANK,Return Crash,1019.05,-3.98,-3.4,Medium
2016-02-11,HDFCBANK,Return Crash,975.3,-3.72,-3.45,Medium
2016-03-31,HDFCBANK,Volume Spike,1071.15,0.58,3.2,Medium
2016-06-30,HDFCBANK,Volume Spike,1176.45,0.7,3.12,Medium
2017-02-17,HDFCBANK,Volume Spike,1377.05,3.7,15.27,High
2017-02-17,HDFCBANK,Return Spike,1377.05,3.7,3.66,Medium
2017-03-30,HDFCBANK,Volume Spike,1466.2,2.63,5.21,High
2017-05-25,HDFCBANK,Volume Spike,1617.15,3.22,3.99,Medium
2017-05-25,HDFCBANK,Return Spike,1617.15,3.22,3.46,Medium
2017-07-24,HDFCBANK,Volume Spike,1735.1,1.88,3.95,Medium
2017-07-27,HDFCBANK,Volume Spike,1789.65,2.41,3.18,Medium
2017-09-28,HDFCBANK,Volume Spike,1795.3,1.06,3.69,Medium
2017-10-25,HDFCBANK,Return Crash,1795.1,-3.86,-4.19,Medium
2017-10-25,HDFCBANK,Volume Spike,1795.1,-3.86,3.03,Medium
2017-10-26,HDFCBANK,Volume Spike,1795.35,0.01,3.61,Medium
2018-05-31,HDFCBANK,Volume Spike,2139.45,4.45,5.4,High
2018-05-31,HDFCBANK,Return Spike,2139.45,4.45,3.88,Medium
2018-06-04,HDFCBANK,Volume Spike,2046.2,-3.05,7.26,High
2018-10-04,HDFCBANK,Return Crash,1957.75,-3.61,-3.57,Medium
2019-03-13,HDFCBANK,Volume Spike,2226.55,2.56,5.16,High
2019-04-10,HDFCBANK,Volume Spike,2237.35,-2.18,5.53,High
2019-08-26,HDFCBANK,Return Spike,2256.15,4.32,3.6,Medium
2019-09-19,HDFCBANK,Return Crash,1101.05,-49.67,-7.48,High
2019-09-20,HDFCBANK,Volume Spike,1199.6,8.95,4.71,Medium
2019-09-23,HDFCBANK,Volume Spike,1257.25,4.81,3.63,Medium
2020-02-04,HDFCBANK,Return Spike,1229.8,3.1,3.06,Medium
2020-03-12,HDFCBANK,Return Crash,1021.3,-8.3,-5.2,High
2020-03-13,HDFCBANK,Return Spike,1069.8,4.75,3.07,Medium
2020-03-16,HDFCBANK,Return Crash,999.5,-6.57,-3.36,Medium
2020-03-18,HDFCBANK,Return Crash,876.9,-10.07,-4.25,Medium
2020-03-23,HDFCBANK,Return Crash,771.55,-12.61,-4.33,Medium
2020-03-25,HDFCBANK,Return Spike,856.75,11.6,3.86,Medium
2021-02-01,HDFCBANK,Return Spike,1476.75,6.2,3.26,Medium
2018-01-09,HDFCLIFE,Volume Spike,435.5,3.17,3.12,Medium
2018-01-31,HDFCLIFE,Volume Spike,427.0,1.22,3.5,Medium
2018-05-15,HDFCLIFE,Return Crash,506.5,-6.2,-3.21,Medium
2018-05-15,HDFCLIFE,Volume Spike,506.5,-6.2,3.18,Medium
2018-06-15,HDFCLIFE,Volume Spike,469.75,-2.44,6.43,High
2018-07-20,HDFCLIFE,Volume Spike,489.6,3.95,4.11,Medium
2018-09-25,HDFCLIFE,Return Spike,390.0,5.66,3.31,Medium
2019-03-12,HDFCLIFE,Volume Spike,371.55,-4.85,10.86,High
2019-03-13,HDFCLIFE,Volume Spike,366.15,-1.45,8.26,High
2019-05-03,HDFCLIFE,Volume Spike,414.25,-0.71,3.86,Medium
2019-07-23,HDFCLIFE,Volume Spike,508.55,3.65,3.75,Medium
2019-08-14,HDFCLIFE,Volume Spike,517.0,-0.45,6.12,High
2019-08-27,HDFCLIFE,Volume Spike,555.2,5.47,8.47,High
2019-10-30,HDFCLIFE,Volume Spike,632.45,3.55,6.72,High
2020-02-01,HDFCLIFE,Volume Spike,562.4,-6.14,3.63,Medium
2020-02-01,HDFCLIFE,Return Crash,562.4,-6.14,-4.1,Medium
2020-02-03,HDFCLIFE,Volume Spike,565.3,0.52,3.88,Medium
2020-03-09,HDFCLIFE,Return Crash,517.65,-5.56,-3.08,Medium
2020-03-12,HDFCLIFE,Return Crash,472.9,-7.92,-3.77,Medium
2020-03-13,HDFCLIFE,Return Spike,507.15,7.24,3.37,Medium
2020-03-18,HDFCLIFE,Return Crash,419.45,-9.79,-3.47,Medium
2020-03-23,HDFCLIFE,Return Crash,342.3,-18.13,-4.97,High
2020-03-24,HDFCLIFE,Return Spike,391.3,14.31,3.78,Medium
2020-05-29,HDFCLIFE,Volume Spike,523.2,1.24,5.23,High
2020-07-03,HDFCLIFE,Volume Spike,572.15,4.42,3.38,Medium
2020-07-30,HDFCLIFE,Volume Spike,635.1,-0.42,5.16,High
2020-10-23,HDFCLIFE,Volume Spike,564.5,0.61,4.83,Medium
2020-11-17,HDFCLIFE,Return Spike,670.05,5.34,3.54,Medium
2020-12-03,HDFCLIFE,Volume Spike,647.95,1.8,4.78,Medium
2021-04-27,HDFCLIFE,Volume Spike,678.75,-3.65,3.26,Medium
2010-01-28,HEROMOTOCO,Volume Spike,1539.1,-0.71,3.36,Medium
2010-07-26,HEROMOTOCO,Return Crash,1804.3,-7.5,-4.92,High
2010-07-26,HEROMOTOCO,Volume Spike,1804.3,-7.5,4.96,Medium
2010-07-27,HEROMOTOCO,Volume Spike,1863.0,3.25,5.19,High
2010-07-28,HEROMOTOCO,Volume Spike,1855.05,-0.43,4.43,Medium
2010-08-31,HEROMOTOCO,Volume Spike,1791.55,0.03,3.9,Medium
2010-11-18,HEROMOTOCO,Return Spike,1913.35,5.27,3.16,Medium
2010-12-02,HEROMOTOCO,Volume Spike,1781.2,-7.49,4.17,Medium
2010-12-02,HEROMOTOCO,Return Crash,1781.2,-7.49,-4.22,Medium
2010-12-03,HEROMOTOCO,Volume Spike,1839.55,3.28,4.19,Medium
2010-12-15,HEROMOTOCO,Volume Spike,1621.55,-5.32,3.57,Medium
2010-12-16,HEROMOTOCO,Volume Spike,1681.7,3.71,4.13,Medium
2010-12-20,HEROMOTOCO,Volume Spike,1980.5,17.77,5.87,High
2010-12-20,HEROMOTOCO,Return Spike,1980.5,17.77,5.68,High
2011-02-02,HEROMOTOCO,Volume Spike,1522.8,-5.44,3.4,Medium
2011-04-18,HEROMOTOCO,Volume Spike,1863.85,1.75,4.51,Medium
2011-07-21,HEROMOTOCO,Volume Spike,1785.25,1.61,4.13,Medium
2011-10-19,HEROMOTOCO,Volume Spike,2066.55,4.06,3.09,Medium
2011-11-30,HEROMOTOCO,Volume Spike,1999.7,-2.98,4.16,Medium
2012-05-03,HEROMOTOCO,Volume Spike,2073.05,-7.65,4.8,Medium
2012-05-03,HEROMOTOCO,Return Crash,2073.05,-7.65,-3.54,Medium
2012-07-19,HEROMOTOCO,Volume Spike,2088.7,-1.19,3.11,Medium
2012-11-29,HEROMOTOCO,Volume Spike,1816.0,-1.32,4.26,Medium
2013-01-18,HEROMOTOCO,Volume Spike,1764.1,-3.0,3.63,Medium
2013-03-07,HEROMOTOCO,Return Spike,1713.65,4.04,3.8,Medium
2013-04-10,HEROMOTOCO,Volume Spike,1464.45,-0.04,3.89,Medium
2013-05-28,HEROMOTOCO,Return Spike,1750.0,5.78,3.06,Medium
2013-07-09,HEROMOTOCO,Volume Spike,1659.7,0.37,3.52,Medium
2013-07-25,HEROMOTOCO,Volume Spike,1828.15,4.2,4.81,Medium
2013-08-30,HEROMOTOCO,Volume Spike,2046.5,3.71,3.94,Medium
2013-09-03,HEROMOTOCO,Return Crash,1896.3,-6.3,-3.38,Medium
2013-09-10,HEROMOTOCO,Return Spike,2073.05,7.4,3.26,Medium
2014-05-13,HEROMOTOCO,Return Spike,2429.0,5.48,3.08,Medium
2014-06-13,HEROMOTOCO,Volume Spike,2592.05,-4.62,8.2,High
2014-08-28,HEROMOTOCO,Volume Spike,2604.8,0.18,6.51,High
2014-09-01,HEROMOTOCO,Return Spike,2755.45,5.78,3.32,Medium
2014-09-18,HEROMOTOCO,Return Spike,2992.65,5.8,3.27,Medium
2014-11-07,HEROMOTOCO,Volume Spike,2887.6,-2.55,10.15,High
2015-02-18,HEROMOTOCO,Volume Spike,2663.75,-5.04,10.64,High
2015-02-18,HEROMOTOCO,Return Crash,2663.75,-5.04,-3.28,Medium
2015-02-19,HEROMOTOCO,Volume Spike,2664.95,0.05,3.65,Medium
2015-07-27,HEROMOTOCO,Return Crash,2605.05,-4.94,-3.34,Medium
2015-08-04,HEROMOTOCO,Volume Spike,2623.85,-2.72,3.66,Medium
2015-11-26,HEROMOTOCO,Volume Spike,2688.7,1.64,3.85,Medium
2016-01-22,HEROMOTOCO,Return Spike,2591.5,4.92,3.7,Medium
2016-01-29,HEROMOTOCO,Return Spike,2565.65,5.17,3.35,Medium
2016-03-01,HEROMOTOCO,Return Spike,2667.25,6.69,3.49,Medium
2016-03-02,HEROMOTOCO,Volume Spike,2806.7,5.23,3.16,Medium
2016-06-29,HEROMOTOCO,Return Spike,3156.55,4.51,3.16,Medium
2016-08-05,HEROMOTOCO,Return Spike,3443.95,5.12,3.49,Medium
2016-08-08,HEROMOTOCO,Volume Spike,3457.35,0.39,3.75,Medium
2016-11-11,HEROMOTOCO,Return Crash,2975.3,-5.41,-3.06,Medium
2017-05-09,HEROMOTOCO,Return Crash,3282.35,-3.5,-3.08,Medium
2017-05-11,HEROMOTOCO,Return Spike,3461.8,4.15,3.24,Medium
2017-12-19,HEROMOTOCO,Return Spike,3701.0,4.69,4.13,Medium
2018-07-06,HEROMOTOCO,Volume Spike,3637.1,3.75,3.11,Medium
2018-07-06,HEROMOTOCO,Return Spike,3637.1,3.75,3.54,Medium
2018-07-23,HEROMOTOCO,Return Crash,3165.45,-6.26,-4.4,Medium
2018-07-23,HEROMOTOCO,Volume Spike,3165.45,-6.26,4.3,Medium
2018-07-24,HEROMOTOCO,Volume Spike,3108.25,-1.81,3.17,Medium
2018-09-07,HEROMOTOCO,Return Spike,3329.35,5.2,3.4,Medium
2018-12-12,HEROMOTOCO,Return Spike,3258.65,7.23,3.27,Medium
2018-12-12,HEROMOTOCO,Volume Spike,3258.65,7.23,4.07,Medium
2019-01-31,HEROMOTOCO,Volume Spike,2613.95,0.11,3.56,Medium
2019-02-01,HEROMOTOCO,Return Spike,2807.25,7.39,3.33,Medium
2019-02-01,HEROMOTOCO,Volume Spike,2807.25,7.39,4.86,Medium
2019-06-03,HEROMOTOCO,Return Spike,2840.25,5.97,3.23,Medium
2019-06-03,HEROMOTOCO,Volume Spike,2840.25,5.97,3.08,Medium
2019-08-27,HEROMOTOCO,Volume Spike,2614.45,0.91,3.59,Medium
2019-09-20,HEROMOTOCO,Volume Spike,2862.9,13.06,3.38,Medium
2019-09-20,HEROMOTOCO,Return Spike,2862.9,13.06,4.49,Medium
2020-03-12,HEROMOTOCO,Return Crash,1907.2,-6.33,-3.02,Medium
2020-03-18,HEROMOTOCO,Return Crash,1681.15,-8.69,-3.44,Medium
2020-03-23,HEROMOTOCO,Return Crash,1616.0,-11.0,-3.61,Medium
2020-04-07,HEROMOTOCO,Return Spike,1769.2,11.83,3.27,Medium
2020-10-26,HEROMOTOCO,Return Crash,2897.95,-6.85,-3.48,Medium
2021-01-22,HEROMOTOCO,Volume Spike,3374.9,3.93,3.19,Medium
2021-02-26,HEROMOTOCO,Return Crash,3224.0,-6.13,-3.23,Medium
2011-10-28,HINDALCO,Return Spike,142.3,10.96,3.41,Medium
2011-10-28,HINDALCO,Volume Spike,142.3,10.96,3.09,Medium
2012-02-09,HINDALCO,Volume Spike,159.1,-1.06,3.41,Medium
2012-05-31,HINDALCO,Volume Spike,116.65,1.92,3.23,Medium
2012-09-14,HINDALCO,Return Spike,118.35,8.03,3.79,Medium
2013-06-11,HINDALCO,Return Crash,94.35,-6.21,-3.28,Medium
2013-06-14,HINDALCO,Return Spike,103.65,7.08,3.13,Medium
2013-08-13,HINDALCO,Volume Spike,91.4,-2.82,3.2,Medium
2013-08-22,HINDALCO,Return Spike,104.0,11.47,3.25,Medium
2014-02-28,HINDALCO,Return Spike,105.35,7.06,3.88,Medium
2014-03-04,HINDALCO,Return Spike,113.6,7.58,3.61,Medium
2014-03-31,HINDALCO,Return Spike,141.75,8.29,3.02,Medium
2014-08-25,HINDALCO,Return Crash,164.85,-9.67,-3.4,Medium
2014-09-25,HINDALCO,Volume Spike,149.15,-4.45,3.38,Medium
2015-03-11,HINDALCO,Volume Spike,130.35,-5.58,3.07,Medium
2015-08-12,HINDALCO,Return Crash,95.9,-7.12,-3.32,Medium
2015-08-24,HINDALCO,Return Crash,78.65,-8.55,-3.27,Medium
2015-09-09,HINDALCO,Return Spike,78.6,8.12,3.16,Medium
2016-02-15,HINDALCO,Return Spike,67.0,10.02,3.38,Medium
2016-05-30,HINDALCO,Return Spike,102.95,12.02,3.31,Medium
2016-05-30,HINDALCO,Volume Spike,102.95,12.02,3.41,Medium
2016-09-12,HINDALCO,Return Crash,140.85,-9.04,-3.85,Medium
2017-08-11,HINDALCO,Return Crash,221.0,-7.14,-3.89,Medium
2017-10-12,HINDALCO,Volume Spike,264.45,5.99,3.3,Medium
2018-04-05,HINDALCO,Return Spike,214.15,6.65,3.42,Medium
2018-04-19,HINDALCO,Return Spike,264.75,9.04,3.63,Medium
2018-07-19,HINDALCO,Return Crash,197.6,-6.97,-3.09,Medium
2018-07-19,HINDALCO,Volume Spike,197.6,-6.97,3.53,Medium
2020-02-28,HINDALCO,Return Crash,155.9,-7.4,-3.33,Medium
2020-03-12,HINDALCO,Return Crash,120.2,-12.77,-4.22,Medium
2020-03-23,HINDALCO,Return Crash,87.9,-16.68,-3.84,Medium
2020-04-07,HINDALCO,Return Spike,103.95,17.06,3.72,Medium
2010-03-12,HINDUNILVR,Volume Spike,219.4,-4.11,3.82,Medium
2010-09-20,HINDUNILVR,Return Spike,293.2,4.05,3.15,Medium
2010-09-24,HINDUNILVR,Volume Spike,314.95,3.84,3.57,Medium
2011-01-25,HINDUNILVR,Return Crash,281.9,-5.39,-3.58,Medium
2011-05-10,HINDUNILVR,Volume Spike,297.25,4.39,3.18,Medium
2011-07-28,HINDUNILVR,Volume Spike,322.85,-0.97,4.33,Medium
2011-10-31,HINDUNILVR,Return Spike,375.8,7.05,3.94,Medium
2011-10-31,HINDUNILVR,Volume Spike,375.8,7.05,3.34,Medium
2011-11-01,HINDUNILVR,Volume Spike,388.1,3.27,3.29,Medium
2012-05-03,HINDUNILVR,Volume Spike,434.75,2.29,3.44,Medium
2012-07-24,HINDUNILVR,Volume Spike,476.2,7.51,5.41,High
2012-07-24,HINDUNILVR,Return Spike,476.2,7.51,4.82,High
2012-10-26,HINDUNILVR,Volume Spike,552.2,-2.08,3.35,Medium
2012-12-11,HINDUNILVR,Volume Spike,544.9,1.88,3.36,Medium
2012-12-12,HINDUNILVR,Volume Spike,529.75,-2.78,3.01,Medium
2013-01-22,HINDUNILVR,Volume Spike,480.9,-3.29,5.18,High
2013-01-23,HINDUNILVR,Return Crash,460.05,-4.34,-3.03,Medium
2013-01-23,HINDUNILVR,Volume Spike,460.05,-4.34,5.35,High
2013-04-29,HINDUNILVR,Volume Spike,497.35,6.95,4.38,Medium
2013-04-29,HINDUNILVR,Return Spike,497.35,6.95,3.95,Medium
2013-04-30,HINDUNILVR,Volume Spike,583.8,17.38,6.0,High
2013-04-30,HINDUNILVR,Return Spike,583.8,17.38,6.04,High
2013-06-21,HINDUNILVR,Volume Spike,590.65,-0.45,3.77,Medium
2013-06-24,HINDUNILVR,Volume Spike,583.95,-1.13,4.13,Medium
2013-06-27,HINDUNILVR,Volume Spike,588.95,0.1,5.02,High
2013-07-17,HINDUNILVR,Volume Spike,685.05,9.94,3.52,Medium
2013-07-17,HINDUNILVR,Return Spike,685.05,9.94,3.32,Medium
2013-10-23,HINDUNILVR,Volume Spike,614.65,0.94,3.1,Medium
2013-12-10,HINDUNILVR,Volume Spike,563.2,0.62,3.17,Medium
2014-05-19,HINDUNILVR,Return Crash,555.8,-4.29,-3.41,Medium
2014-05-30,HINDUNILVR,Return Spike,603.35,8.43,4.97,High
2014-05-30,HINDUNILVR,Volume Spike,603.35,8.43,6.18,High
2014-07-28,HINDUNILVR,Volume Spike,686.8,3.47,3.92,Medium
2014-07-30,HINDUNILVR,Volume Spike,694.65,1.14,3.25,Medium
2014-10-27,HINDUNILVR,Volume Spike,720.45,-5.07,3.55,Medium
2014-10-27,HINDUNILVR,Return Crash,720.45,-5.07,-3.87,Medium
2015-01-09,HINDUNILVR,Return Spike,864.6,5.82,3.54,Medium
2015-01-19,HINDUNILVR,Volume Spike,892.55,-5.15,3.16,Medium
2015-05-08,HINDUNILVR,Volume Spike,895.2,3.34,3.3,Medium
2015-07-21,HINDUNILVR,Volume Spike,891.3,-2.39,3.69,Medium
2015-11-30,HINDUNILVR,Volume Spike,808.45,-0.95,3.12,Medium
2016-05-31,HINDUNILVR,Volume Spike,848.2,-0.72,6.27,High
2017-03-14,HINDUNILVR,Return Spike,913.75,4.4,4.03,Medium
2017-05-10,HINDUNILVR,Return Spike,996.35,4.65,3.78,Medium
2017-07-19,HINDUNILVR,Volume Spike,1154.35,-0.3,3.33,Medium
2018-03-16,HINDUNILVR,Volume Spike,1299.15,-0.06,3.17,Medium
2018-05-15,HINDUNILVR,Volume Spike,1515.5,0.79,3.26,Medium
2018-05-16,HINDUNILVR,Return Spike,1574.1,3.87,3.17,Medium
2018-07-17,HINDUNILVR,Return Crash,1681.7,-3.97,-3.16,Medium
2018-07-17,HINDUNILVR,Volume Spike,1681.7,-3.97,3.95,Medium
2018-09-03,HINDUNILVR,Return Crash,1699.1,-4.55,-3.38,Medium
2018-09-04,HINDUNILVR,Volume Spike,1651.2,-2.82,3.15,Medium
2018-12-03,HINDUNILVR,Volume Spike,1825.6,4.08,3.26,Medium
2019-09-20,HINDUNILVR,Return Spike,1969.75,8.66,5.53,High
2020-02-03,HINDUNILVR,Return Spike,2178.95,5.01,4.47,Medium
2020-02-12,HINDUNILVR,Volume Spike,2260.35,5.0,3.23,Medium
2020-02-12,HINDUNILVR,Return Spike,2260.35,5.0,3.82,Medium
2020-03-12,HINDUNILVR,Return Crash,2055.95,-4.6,-3.01,Medium
2020-03-20,HINDUNILVR,Return Spike,2051.7,11.61,4.78,High
2020-03-23,HINDUNILVR,Return Crash,1869.7,-8.87,-3.31,Medium
2020-04-07,HINDUNILVR,Return Spike,2444.9,13.5,3.64,Medium
2020-04-15,HINDUNILVR,Volume Spike,2487.55,6.01,5.29,High
2020-05-07,HINDUNILVR,Volume Spike,1992.05,-0.9,12.34,High
2021-03-19,HINDUNILVR,Return Spike,2312.05,4.37,3.25,Medium
2010-05-19,ICICIBANK,Return Crash,824.45,-7.28,-3.61,Medium
2010-10-29,ICICIBANK,Return Spike,1163.0,6.79,3.6,Medium
2011-11-30,ICICIBANK,Volume Spike,712.45,-2.93,4.77,Medium
2012-02-08,ICICIBANK,Volume Spike,920.45,-1.84,3.31,Medium
2012-04-27,ICICIBANK,Volume Spike,860.85,2.31,3.17,Medium
2012-11-29,ICICIBANK,Volume Spike,1081.75,4.61,3.82,Medium
2013-09-05,ICICIBANK,Return Spike,893.7,9.29,3.74,Medium
2014-05-09,ICICIBANK,Return Spike,1378.6,6.95,3.35,Medium
2014-05-16,ICICIBANK,Volume Spike,1465.3,5.03,3.01,Medium
2014-12-04,ICICIBANK,Return Crash,362.2,-79.81,-7.54,High
2014-12-04,ICICIBANK,Volume Spike,362.2,-79.81,4.21,Medium
2014-12-17,ICICIBANK,Volume Spike,332.35,0.5,3.49,Medium
2015-04-28,ICICIBANK,Return Spike,326.85,8.12,3.99,Medium
2015-08-24,ICICIBANK,Return Crash,269.95,-8.95,-4.18,Medium
2016-03-01,ICICIBANK,Return Spike,204.95,7.84,3.41,Medium
2016-10-17,ICICIBANK,Return Spike,258.75,7.03,3.43,Medium
2016-10-17,ICICIBANK,Volume Spike,258.75,7.03,3.45,Medium
2017-01-23,ICICIBANK,Volume Spike,257.55,-2.24,3.67,Medium
2017-01-27,ICICIBANK,Volume Spike,272.0,4.64,4.82,Medium
2017-03-14,ICICIBANK,Return Spike,287.25,6.17,3.66,Medium
2017-05-04,ICICIBANK,Return Spike,297.8,9.18,4.63,High
2017-05-04,ICICIBANK,Volume Spike,297.8,9.18,5.58,High
2017-05-31,ICICIBANK,Volume Spike,326.45,1.57,3.98,Medium
2017-06-20,ICICIBANK,Return Crash,292.45,-8.78,-4.11,Medium
2017-10-18,ICICIBANK,Return Crash,263.15,-3.92,-3.03,Medium
2017-10-25,ICICIBANK,Volume Spike,305.7,14.69,5.91,High
2017-10-25,ICICIBANK,Return Spike,305.7,14.69,6.39,High
2018-01-17,ICICIBANK,Volume Spike,343.25,2.74,3.36,Medium
2018-04-02,ICICIBANK,Volume Spike,261.85,-5.93,3.31,Medium
2018-05-08,ICICIBANK,Volume Spike,309.3,6.73,4.2,Medium
2018-05-08,ICICIBANK,Return Spike,309.3,6.73,3.17,Medium
2018-07-02,ICICIBANK,Volume Spike,277.4,0.73,3.02,Medium
2018-08-09,ICICIBANK,Volume Spike,333.0,4.49,3.1,Medium
2018-10-29,ICICIBANK,Return Spike,349.4,10.69,4.24,Medium
2019-01-30,ICICIBANK,Return Spike,365.9,5.49,3.71,Medium
2019-01-31,ICICIBANK,Volume Spike,364.45,-0.4,4.01,Medium
2019-07-29,ICICIBANK,Volume Spike,429.35,3.27,3.21,Medium
2019-09-20,ICICIBANK,Volume Spike,417.5,7.99,3.19,Medium
2019-09-20,ICICIBANK,Return Spike,417.5,7.99,4.13,Medium
2019-09-23,ICICIBANK,Return Spike,446.3,6.9,3.2,Medium
2019-11-26,ICICIBANK,Volume Spike,510.7,2.59,7.41,High
2020-03-09,ICICIBANK,Return Crash,457.75,-5.88,-3.37,Medium
2020-03-12,ICICIBANK,Return Crash,425.65,-8.59,-4.1,Medium
2020-03-16,ICICIBANK,Return Crash,402.9,-9.91,-3.85,Medium
2020-03-17,ICICIBANK,Return Crash,367.25,-8.85,-3.07,Medium
2020-03-23,ICICIBANK,Return Crash,284.0,-17.85,-4.77,High
2020-04-07,ICICIBANK,Return Spike,326.1,13.76,3.26,Medium
2021-02-01,ICICIBANK,Return Spike,603.8,12.44,4.95,High
2010-03-03,INDUSINDBK,Volume Spike,164.8,8.07,3.02,Medium
2010-04-16,INDUSINDBK,Volume Spike,176.35,-2.0,3.24,Medium
2010-05-20,INDUSINDBK,Volume Spike,196.2,8.52,4.66,Medium
2010-05-26,INDUSINDBK,Volume Spike,178.3,-0.67,5.12,High
2010-05-27,INDUSINDBK,Volume Spike,187.35,5.08,3.54,Medium
2010-07-09,INDUSINDBK,Volume Spike,215.1,-1.71,3.06,Medium
2010-08-26,INDUSINDBK,Volume Spike,226.25,3.88,5.03,High
2010-09-03,INDUSINDBK,Volume Spike,233.25,2.91,3.02,Medium
2010-11-01,INDUSINDBK,Return Spike,285.95,8.48,3.44,Medium
2010-11-11,INDUSINDBK,Volume Spike,295.45,3.47,3.82,Medium
2010-11-30,INDUSINDBK,Volume Spike,292.35,-0.68,5.59,High
2011-04-18,INDUSINDBK,Volume Spike,274.55,-1.93,3.27,Medium
2011-07-04,INDUSINDBK,Volume Spike,282.15,2.6,3.35,Medium
2011-08-29,INDUSINDBK,Return Spike,240.3,6.05,3.3,Medium
2011-10-07,INDUSINDBK,Volume Spike,243.35,1.52,4.51,Medium
2011-11-30,INDUSINDBK,Volume Spike,248.95,-2.56,3.75,Medium
2012-01-10,INDUSINDBK,Volume Spike,260.9,6.21,4.98,Medium
2012-02-29,INDUSINDBK,Volume Spike,312.25,2.7,4.67,Medium
2012-04-19,INDUSINDBK,Volume Spike,345.3,-0.09,3.22,Medium
2012-07-10,INDUSINDBK,Volume Spike,343.6,0.1,3.9,Medium
2012-09-14,INDUSINDBK,Volume Spike,318.75,2.77,3.91,Medium
2012-10-10,INDUSINDBK,Volume Spike,357.7,-2.2,3.3,Medium
2012-11-09,INDUSINDBK,Volume Spike,368.0,1.43,3.83,Medium
2012-11-20,INDUSINDBK,Volume Spike,368.7,-1.25,3.72,Medium
2012-11-29,INDUSINDBK,Volume Spike,416.95,5.8,3.48,Medium
2012-11-29,INDUSINDBK,Return Spike,416.95,5.8,3.61,Medium
2012-11-30,INDUSINDBK,Volume Spike,416.75,-0.05,3.79,Medium
2013-04-18,INDUSINDBK,Return Spike,450.35,7.33,3.77,Medium
2013-07-16,INDUSINDBK,Return Crash,466.4,-7.89,-3.1,Medium
2014-01-10,INDUSINDBK,Volume Spike,405.9,-2.62,3.5,Medium
2014-10-13,INDUSINDBK,Volume Spike,634.95,1.88,3.49,Medium
2015-01-13,INDUSINDBK,Volume Spike,825.5,-0.48,4.02,Medium
2015-02-28,INDUSINDBK,Return Spike,916.55,6.02,3.98,Medium
2015-04-16,INDUSINDBK,Volume Spike,934.45,-1.28,3.45,Medium
2015-04-17,INDUSINDBK,Return Crash,876.0,-6.26,-3.29,Medium
2015-07-13,INDUSINDBK,Volume Spike,923.95,3.24,3.19,Medium
2016-01-12,INDUSINDBK,Volume Spike,913.25,-2.51,3.83,Medium
2016-01-13,INDUSINDBK,Volume Spike,936.4,2.53,3.1,Medium
2016-02-11,INDUSINDBK,Volume Spike,811.15,-2.87,3.52,Medium
2016-05-25,INDUSINDBK,Return Spike,1096.15,5.03,3.19,Medium
2016-07-11,INDUSINDBK,Volume Spike,1124.45,-0.2,4.11,Medium
2016-11-15,INDUSINDBK,Return Crash,1093.1,-8.32,-4.9,High
2016-11-15,INDUSINDBK,Volume Spike,1093.1,-8.32,3.14,Medium
2017-01-11,INDUSINDBK,Volume Spike,1233.8,6.3,4.02,Medium
2017-01-11,INDUSINDBK,Return Spike,1233.8,6.3,3.16,Medium
2017-05-25,INDUSINDBK,Return Spike,1461.6,3.4,3.2,Medium
2017-07-11,INDUSINDBK,Volume Spike,1560.7,0.02,3.17,Medium
2017-09-11,INDUSINDBK,Return Spike,1791.25,5.62,4.63,High
2017-09-11,INDUSINDBK,Volume Spike,1791.25,5.62,3.59,Medium
2017-10-25,INDUSINDBK,Return Crash,1592.4,-4.35,-3.07,Medium
2018-01-11,INDUSINDBK,Volume Spike,1700.3,-1.95,3.21,Medium
2018-05-31,INDUSINDBK,Volume Spike,1955.45,3.75,3.37,Medium
2018-07-10,INDUSINDBK,Volume Spike,1935.1,-1.18,3.12,Medium
2018-09-21,INDUSINDBK,Volume Spike,1762.45,-2.34,3.27,Medium
2018-09-24,INDUSINDBK,Return Crash,1674.2,-5.01,-3.76,Medium
2018-09-24,INDUSINDBK,Volume Spike,1674.2,-5.01,3.06,Medium
2018-10-22,INDUSINDBK,Return Crash,1449.45,-8.07,-4.22,Medium
2019-01-09,INDUSINDBK,Volume Spike,1601.75,1.52,3.66,Medium
2019-03-12,INDUSINDBK,Volume Spike,1569.05,3.6,3.96,Medium
2019-03-13,INDUSINDBK,Volume Spike,1636.35,4.29,3.39,Medium
2019-03-27,INDUSINDBK,Return Spike,1804.25,5.23,3.09,Medium
2019-05-20,INDUSINDBK,Return Spike,1494.65,8.82,3.65,Medium
2019-05-22,INDUSINDBK,Volume Spike,1518.9,4.91,4.62,Medium
2019-09-20,INDUSINDBK,Return Spike,1419.6,10.71,3.9,Medium
2020-01-14,INDUSINDBK,Volume Spike,1481.65,-3.77,4.43,Medium
2020-01-15,INDUSINDBK,Volume Spike,1400.5,-5.48,3.52,Medium
2020-03-09,INDUSINDBK,Return Crash,903.1,-11.01,-3.87,Medium
2020-03-16,INDUSINDBK,Return Crash,664.15,-17.37,-4.5,High
2020-03-18,INDUSINDBK,Return Crash,460.8,-23.73,-4.67,High
2020-03-18,INDUSINDBK,Volume Spike,460.8,-23.73,5.09,High
2020-03-23,INDUSINDBK,Return Crash,336.45,-23.59,-3.92,Medium
2020-03-26,INDUSINDBK,Return Spike,435.9,44.67,5.68,High
2020-08-27,INDUSINDBK,Volume Spike,605.85,6.73,3.27,Medium
2020-08-28,INDUSINDBK,Volume Spike,665.65,9.87,3.27,Medium
2020-10-01,INDUSINDBK,Return Spike,592.2,12.29,3.22,Medium
2021-02-01,INDUSINDBK,Return Spike,970.6,14.71,4.14,Medium
2021-02-01,INDUSINDBK,Volume Spike,970.6,14.71,3.11,Medium
2010-04-13,INFY,Volume Spike,2781.9,3.68,5.1,High
2010-07-13,INFY,Volume Spike,2796.75,-3.42,3.4,Medium
2011-01-13,INFY,Return Crash,3205.2,-5.1,-3.82,Medium
2011-03-25,INFY,Return Spike,3163.05,5.34,3.2,Medium
2011-04-15,INFY,Return Crash,2989.5,-9.58,-4.8,High
2011-04-15,INFY,Volume Spike,2989.5,-9.58,6.9,High
2011-04-18,INFY,Volume Spike,2906.1,-2.79,3.07,Medium
2011-07-12,INFY,Return Crash,2791.55,-4.44,-3.99,Medium
2011-07-12,INFY,Volume Spike,2791.55,-4.44,3.56,Medium
2011-08-05,INFY,Return Crash,2591.2,-4.35,-3.23,Medium
2011-08-08,INFY,Return Crash,2470.5,-4.66,-3.13,Medium
2012-01-12,INFY,Volume Spike,2588.25,-8.43,4.86,Medium
2012-01-12,INFY,Return Crash,2588.25,-8.43,-4.83,High
2012-04-13,INFY,Volume Spike,2402.55,-12.66,7.07,High
2012-04-13,INFY,Return Crash,2402.55,-12.66,-6.14,High
2012-04-24,INFY,Volume Spike,2349.55,1.67,3.11,Medium
2012-07-12,INFY,Volume Spike,2264.4,-8.36,5.5,High
2012-07-12,INFY,Return Crash,2264.4,-8.36,-5.08,High
2012-10-12,INFY,Volume Spike,2395.35,-5.44,4.79,Medium
2012-10-12,INFY,Return Crash,2395.35,-5.44,-3.53,Medium
2013-01-11,INFY,Volume Spike,2712.1,16.79,7.83,High
2013-01-11,INFY,Return Spike,2712.1,16.79,6.97,High
2013-01-14,INFY,Volume Spike,2806.5,3.48,3.64,Medium
2013-04-11,INFY,Return Spike,2916.7,3.59,3.12,Medium
2013-04-12,INFY,Volume Spike,2296.65,-21.26,7.7,High
2013-04-12,INFY,Return Crash,2296.65,-21.26,-7.06,High
2013-04-15,INFY,Volume Spike,2339.05,1.85,4.25,Medium
2013-05-31,INFY,Volume Spike,2411.7,3.0,3.02,Medium
2013-06-03,INFY,Volume Spike,2514.1,4.25,4.47,Medium
2013-07-12,INFY,Return Spike,2804.2,10.91,5.35,High
2013-07-12,INFY,Volume Spike,2804.2,10.91,5.86,High
2013-10-11,INFY,Return Spike,3274.5,4.7,3.08,Medium
2013-10-11,INFY,Volume Spike,3274.5,4.7,3.45,Medium
2014-01-10,INFY,Volume Spike,3551.25,2.91,3.24,Medium
2014-03-13,INFY,Return Crash,3357.6,-8.54,-5.25,High
2014-03-13,INFY,Volume Spike,3357.6,-8.54,4.64,Medium
2014-05-29,INFY,Volume Spike,2924.5,-7.84,4.22,Medium
2014-05-29,INFY,Return Crash,2924.5,-7.84,-3.6,Medium
2014-09-25,INFY,Volume Spike,3691.0,1.27,3.16,Medium
2014-10-08,INFY,Return Crash,3650.15,-4.73,-3.26,Medium
2014-10-10,INFY,Volume Spike,3888.65,6.63,3.87,Medium
2014-10-10,INFY,Return Spike,3888.65,6.63,3.72,Medium
2014-12-02,INFY,Return Crash,2126.6,-51.11,-7.4,High
2014-12-08,INFY,Volume Spike,1970.15,-4.84,12.08,High
2015-01-09,INFY,Volume Spike,2074.45,5.12,3.53,Medium
2015-04-24,INFY,Volume Spike,1995.2,-5.98,4.12,Medium
2015-04-24,INFY,Return Crash,1995.2,-5.98,-3.79,Medium
2015-06-15,INFY,Return Crash,990.45,-49.85,-7.41,High
2015-07-21,INFY,Volume Spike,1112.65,11.13,5.42,High
2015-10-12,INFY,Volume Spike,1122.9,-3.81,3.1,Medium
2015-11-30,INFY,Volume Spike,1087.9,2.02,3.11,Medium
2016-01-14,INFY,Volume Spike,1133.0,4.58,4.94,Medium
2016-03-10,INFY,Volume Spike,1142.5,-3.05,3.89,Medium
2016-04-18,INFY,Volume Spike,1238.7,5.63,3.14,Medium
2016-04-18,INFY,Return Spike,1238.7,5.63,3.16,Medium
2016-07-15,INFY,Volume Spike,1072.55,-8.82,7.08,High
2016-07-15,INFY,Return Crash,1072.55,-8.82,-5.16,High
2016-10-14,INFY,Volume Spike,1027.15,-2.39,4.74,Medium
2016-11-25,INFY,Return Spike,977.5,5.07,3.94,Medium
2017-01-13,INFY,Volume Spike,975.8,-2.42,3.53,Medium
2017-04-13,INFY,Volume Spike,931.4,-3.87,3.78,Medium
2017-07-14,INFY,Volume Spike,972.05,-0.51,3.06,Medium
2017-08-17,INFY,Return Spike,1020.85,4.68,3.41,Medium
2017-08-17,INFY,Volume Spike,1020.85,4.68,3.12,Medium
2017-08-18,INFY,Volume Spike,923.25,-9.56,10.18,High
2017-08-18,INFY,Return Crash,923.25,-9.56,-5.2,High
2017-08-21,INFY,Volume Spike,873.4,-5.4,4.44,Medium
2017-10-26,INFY,Volume Spike,947.35,1.29,3.71,Medium
2017-11-16,INFY,Return Spike,988.4,3.85,3.08,Medium
2018-07-05,INFY,Return Crash,1284.0,-4.55,-3.06,Medium
2018-07-16,INFY,Volume Spike,1332.85,1.17,3.5,Medium
2018-09-04,INFY,Volume Spike,737.15,-48.6,3.41,Medium
2018-09-04,INFY,Return Crash,737.15,-48.6,-7.43,High
2019-04-15,INFY,Volume Spike,727.5,-2.71,3.5,Medium
2019-07-15,INFY,Return Spike,779.35,7.24,5.03,High
2019-07-15,INFY,Volume Spike,779.35,7.24,4.16,Medium
2019-09-20,INFY,Volume Spike,805.0,-1.91,3.09,Medium
2019-09-23,INFY,Return Crash,764.35,-5.05,-3.18,Medium
2019-10-22,INFY,Return Crash,643.55,-16.19,-6.05,High
2019-10-22,INFY,Volume Spike,643.55,-16.19,5.91,High
2019-10-23,INFY,Volume Spike,650.6,1.1,3.53,Medium
2020-01-13,INFY,Volume Spike,773.55,4.8,4.37,Medium
2020-02-28,INFY,Return Crash,731.7,-5.93,-4.18,Medium
2020-03-09,INFY,Return Crash,704.45,-4.67,-3.0,Medium
2020-03-12,INFY,Return Crash,631.2,-7.99,-4.17,Medium
2020-03-16,INFY,Return Crash,583.15,-9.22,-4.01,Medium
2020-03-23,INFY,Return Crash,526.45,-10.04,-3.36,Medium
2020-03-24,INFY,Return Spike,589.8,12.03,3.78,Medium
2020-07-16,INFY,Return Spike,911.0,9.63,3.36,Medium
2020-07-16,INFY,Volume Spike,911.0,9.63,5.44,High
2020-10-15,INFY,Volume Spike,1108.25,-2.53,3.11,Medium
2010-02-26,IOC,Volume Spike,317.4,-1.4,3.8,Medium
2010-04-30,IOC,Return Spike,294.75,7.46,5.1,High
2010-06-25,IOC,Return Spike,377.95,10.71,4.25,Medium
2010-06-25,IOC,Volume Spike,377.95,10.71,7.34,High
2010-06-28,IOC,Volume Spike,397.6,5.2,7.38,High
2010-06-30,IOC,Volume Spike,403.1,2.48,3.46,Medium
2010-08-23,IOC,Volume Spike,404.35,3.03,3.37,Medium
2010-11-25,IOC,Return Crash,337.3,-6.86,-3.39,Medium
2010-12-01,IOC,Return Spike,384.55,10.93,4.62,High
2010-12-01,IOC,Volume Spike,384.55,10.93,5.01,High
2011-05-04,IOC,Volume Spike,347.85,1.67,3.46,Medium
2011-06-27,IOC,Volume Spike,347.7,3.21,4.18,Medium
2011-08-05,IOC,Volume Spike,333.05,1.11,3.79,Medium
2011-09-16,IOC,Volume Spike,309.45,-2.26,4.21,Medium
2012-02-01,IOC,Volume Spike,271.5,-5.99,3.8,Medium
2012-02-01,IOC,Return Crash,271.5,-5.99,-3.14,Medium
2012-03-29,IOC,Volume Spike,254.0,-2.21,3.11,Medium
2012-05-24,IOC,Volume Spike,270.2,-1.1,3.6,Medium
2012-09-14,IOC,Volume Spike,248.8,-2.28,4.09,Medium
2012-10-04,IOC,Volume Spike,260.3,2.44,3.16,Medium
2012-12-28,IOC,Return Spike,268.85,3.01,3.68,Medium
2013-01-04,IOC,Return Spike,281.15,3.54,3.82,Medium
2013-01-04,IOC,Volume Spike,281.15,3.54,4.07,Medium
2013-01-07,IOC,Volume Spike,281.25,0.04,3.76,Medium
2013-01-10,IOC,Volume Spike,286.15,-0.07,3.05,Medium
2013-01-15,IOC,Return Spike,297.55,3.28,3.07,Medium
2013-01-17,IOC,Volume Spike,315.9,6.38,5.43,High
2013-01-17,IOC,Return Spike,315.9,6.38,4.77,High
2013-01-18,IOC,Return Spike,349.3,10.57,5.5,High
2013-01-18,IOC,Volume Spike,349.3,10.57,6.76,High
2013-06-24,IOC,Return Crash,219.05,-6.75,-3.35,Medium
2013-07-25,IOC,Volume Spike,220.25,-1.32,4.66,Medium
2013-07-30,IOC,Return Crash,195.45,-8.24,-3.3,Medium
2014-01-17,IOC,Volume Spike,225.1,6.05,4.18,Medium
2014-01-17,IOC,Return Spike,225.1,6.05,3.19,Medium
2014-03-06,IOC,Volume Spike,264.45,3.62,3.66,Medium
2014-04-04,IOC,Volume Spike,281.6,2.98,3.91,Medium
2014-05-16,IOC,Volume Spike,327.6,6.21,3.83,Medium
2014-05-19,IOC,Return Spike,357.7,9.19,3.46,Medium
2015-02-13,IOC,Volume Spike,310.25,-1.63,3.31,Medium
2015-03-02,IOC,Return Spike,350.7,5.54,3.04,Medium
2015-05-06,IOC,Return Crash,336.3,-7.66,-3.46,Medium
2015-05-29,IOC,Volume Spike,356.2,-1.23,3.41,Medium
2015-06-18,IOC,Return Spike,374.5,6.5,3.09,Medium
2015-08-12,IOC,Return Crash,388.4,-7.23,-3.43,Medium
2015-08-24,IOC,Volume Spike,378.1,-4.24,5.33,High
2015-08-25,IOC,Volume Spike,394.85,4.43,3.25,Medium
2015-11-03,IOC,Volume Spike,401.3,0.99,3.66,Medium
2015-12-31,IOC,Volume Spike,428.55,0.63,4.04,Medium
2016-02-15,IOC,Return Spike,388.6,6.6,3.95,Medium
2016-05-27,IOC,Volume Spike,412.95,2.69,7.05,High
2016-07-01,IOC,Volume Spike,474.3,7.55,4.48,Medium
2016-07-01,IOC,Return Spike,474.3,7.55,4.38,Medium
2016-07-20,IOC,Volume Spike,512.85,3.91,3.0,Medium
2016-10-18,IOC,Return Crash,321.7,-49.91,-7.3,High
2017-01-31,IOC,Volume Spike,366.4,-3.02,4.18,Medium
2017-03-30,IOC,Volume Spike,376.8,1.8,4.35,Medium
2017-05-31,IOC,Volume Spike,429.45,2.36,9.01,High
2017-08-03,IOC,Volume Spike,387.05,4.58,3.56,Medium
2017-08-03,IOC,Return Spike,387.05,4.58,3.05,Medium
2017-08-04,IOC,Return Spike,418.95,8.24,4.38,Medium
2017-10-27,IOC,Volume Spike,414.95,-4.94,3.06,Medium
2017-11-30,IOC,Volume Spike,393.5,-0.05,3.75,Medium
2018-01-30,IOC,Return Spike,416.25,4.15,3.22,Medium
2018-01-30,IOC,Volume Spike,416.25,4.15,5.34,High
2018-02-08,IOC,Return Crash,385.6,-4.73,-3.39,Medium
2018-03-13,IOC,Volume Spike,407.85,1.8,3.37,Medium
2018-03-15,IOC,Volume Spike,192.05,-51.39,3.59,Medium
2018-03-15,IOC,Return Crash,192.05,-51.39,-7.43,High
2018-06-27,IOC,Return Crash,155.65,-6.68,-3.04,Medium
2018-10-04,IOC,Return Crash,140.3,-11.43,-5.11,High
2018-10-05,IOC,Return Crash,118.05,-15.86,-5.16,High
2018-10-05,IOC,Volume Spike,118.05,-15.86,6.83,High
2018-12-10,IOC,Volume Spike,134.35,3.55,3.05,Medium
2019-01-31,IOC,Volume Spike,136.85,1.71,3.5,Medium
2019-02-28,IOC,Volume Spike,144.6,2.63,5.1,High
2019-07-09,IOC,Volume Spike,151.4,5.1,3.62,Medium
2019-07-12,IOC,Volume Spike,146.85,-0.71,3.03,Medium
2019-07-23,IOC,Volume Spike,147.35,-0.41,3.01,Medium
2019-08-29,IOC,Volume Spike,123.65,0.61,3.06,Medium
2019-09-23,IOC,Return Spike,142.65,7.62,3.07,Medium
2020-01-20,IOC,Volume Spike,117.5,-4.2,5.13,High
2020-01-21,IOC,Volume Spike,114.8,-2.3,4.33,Medium
2020-01-22,IOC,Volume Spike,113.65,-1.0,5.12,High
2020-01-23,IOC,Volume Spike,118.35,4.14,8.78,High
2020-02-04,IOC,Return Spike,113.8,5.32,3.16,Medium
2020-03-12,IOC,Return Crash,87.9,-9.29,-4.11,Medium
2020-03-23,IOC,Return Crash,80.75,-10.87,-3.85,Medium
2020-07-21,IOC,Volume Spike,93.45,5.83,3.81,Medium
2020-08-31,IOC,Volume Spike,85.8,-2.28,3.27,Medium
2020-12-21,IOC,Return Crash,87.1,-7.29,-4.32,Medium
2021-02-09,IOC,Return Crash,97.7,-6.15,-3.12,Medium
2010-01-22,ITC,Volume Spike,249.1,1.88,4.1,Medium
2010-02-26,ITC,Return Crash,232.25,-6.2,-3.85,Medium
2010-02-26,ITC,Volume Spike,232.25,-6.2,5.46,High
2010-05-21,ITC,Volume Spike,271.3,3.39,3.87,Medium
2010-08-03,ITC,Return Crash,154.4,-50.64,-7.43,High
2010-10-28,ITC,Volume Spike,167.05,-0.48,3.1,Medium
2010-12-30,ITC,Volume Spike,174.55,0.2,3.27,Medium
2011-02-28,ITC,Volume Spike,169.0,8.13,3.64,Medium
2011-02-28,ITC,Return Spike,169.0,8.13,4.39,Medium
2011-03-31,ITC,Volume Spike,182.1,2.53,3.07,Medium
2011-05-20,ITC,Volume Spike,186.55,-1.32,3.71,Medium
2012-01-20,ITC,Volume Spike,201.3,-3.78,3.03,Medium
2012-03-16,ITC,Volume Spike,216.15,3.47,4.6,Medium
2012-05-08,ITC,Return Crash,226.9,-4.0,-3.3,Medium
2012-05-09,ITC,Return Spike,239.9,5.73,3.74,Medium
2012-08-30,ITC,Volume Spike,270.6,0.46,3.24,Medium
2012-09-17,ITC,Volume Spike,253.5,-5.5,3.38,Medium
2012-09-17,ITC,Return Crash,253.5,-5.5,-3.77,Medium
2012-12-21,ITC,Volume Spike,287.05,-0.02,3.71,Medium
2013-02-28,ITC,Volume Spike,294.8,0.0,4.03,Medium
2013-05-13,ITC,Return Crash,335.8,-5.18,-3.73,Medium
2014-05-12,ITC,Return Spike,359.15,3.94,3.18,Medium
2014-05-16,ITC,Volume Spike,356.95,-3.04,4.15,Medium
2014-05-19,ITC,Return Crash,338.1,-5.28,-3.79,Medium
2014-06-23,ITC,Return Crash,314.95,-6.18,-3.92,Medium
2014-11-10,ITC,Return Spike,371.7,4.51,3.32,Medium
2014-11-25,ITC,Return Crash,355.4,-5.21,-3.68,Medium
2014-12-04,ITC,Return Spike,383.15,5.48,3.36,Medium
2015-01-21,ITC,Volume Spike,352.7,-4.96,3.07,Medium
2015-02-27,ITC,Volume Spike,393.7,-0.49,3.4,Medium
2015-02-28,ITC,Return Crash,361.35,-8.22,-3.95,Medium
2015-02-28,ITC,Volume Spike,361.35,-8.22,5.85,High
2015-03-02,ITC,Volume Spike,343.25,-5.01,3.29,Medium
2015-12-07,ITC,Volume Spike,313.55,-6.67,4.25,Medium
2015-12-07,ITC,Return Crash,313.55,-6.67,-3.83,Medium
2016-02-29,ITC,Volume Spike,295.65,1.62,5.73,High
2016-03-01,ITC,Return Spike,325.35,10.05,4.94,High
2016-03-01,ITC,Volume Spike,325.35,10.05,4.0,Medium
2016-05-23,ITC,Volume Spike,346.85,4.99,4.19,Medium
2016-07-01,ITC,Return Crash,252.35,-31.5,-7.07,High
2016-07-01,ITC,Volume Spike,252.35,-31.5,3.5,Medium
2016-11-04,ITC,Volume Spike,249.05,3.64,3.56,Medium
2016-11-04,ITC,Return Spike,249.05,3.64,3.04,Medium
2017-02-01,ITC,Volume Spike,269.7,4.49,3.2,Medium
2017-03-17,ITC,Volume Spike,281.25,4.77,4.44,Medium
2017-05-19,ITC,Volume Spike,286.2,2.99,3.52,Medium
2017-05-22,ITC,Volume Spike,303.6,6.08,3.13,Medium
2017-05-22,ITC,Return Spike,303.6,6.08,3.57,Medium
2017-07-03,ITC,Return Spike,342.5,5.82,3.07,Medium
2017-07-03,ITC,Volume Spike,342.5,5.82,4.06,Medium
2017-07-18,ITC,Return Crash,284.55,-12.49,-5.05,High
2017-07-18,ITC,Volume Spike,284.55,-12.49,7.67,High
2017-12-08,ITC,Return Spike,262.2,3.49,3.39,Medium
2018-02-01,ITC,Volume Spike,275.3,1.44,3.45,Medium
2018-03-12,ITC,Return Spike,270.1,4.19,3.53,Medium
2018-07-27,ITC,Return Spike,302.55,5.34,3.84,Medium
2018-07-27,ITC,Volume Spike,302.55,5.34,4.79,Medium
2019-01-23,ITC,Volume Spike,277.3,-4.3,3.74,Medium
2019-01-23,ITC,Return Crash,277.3,-4.3,-3.44,Medium
2019-05-13,ITC,Volume Spike,289.3,-2.84,3.21,Medium
2019-05-23,ITC,Return Crash,288.2,-3.85,-3.23,Medium
2019-07-05,ITC,Volume Spike,279.45,0.65,3.05,Medium
2019-09-20,ITC,Volume Spike,238.05,0.57,4.71,Medium
2019-09-23,ITC,Return Spike,254.85,7.06,4.71,High
2019-09-23,ITC,Volume Spike,254.85,7.06,3.34,Medium
2020-02-01,ITC,Return Crash,219.0,-6.87,-4.81,High
2020-02-01,ITC,Volume Spike,219.0,-6.87,3.64,Medium
2020-02-03,ITC,Return Crash,207.6,-5.21,-3.25,Medium
2020-02-03,ITC,Volume Spike,207.6,-5.21,5.25,High
2020-03-12,ITC,Return Crash,155.8,-11.3,-4.96,High
2020-03-16,ITC,Return Crash,147.25,-9.24,-3.42,Medium
2020-03-20,ITC,Return Spike,175.5,8.43,3.02,Medium
2020-03-23,ITC,Return Crash,154.3,-12.08,-3.46,Medium
2020-08-31,ITC,Volume Spike,191.1,-2.28,3.5,Medium
2020-12-21,ITC,Return Crash,202.95,-5.38,-3.55,Medium
2021-02-01,ITC,Return Spike,215.95,6.25,3.19,Medium
2021-03-19,ITC,Volume Spike,222.95,2.44,3.42,Medium
2010-05-10,JSWSTEEL,Return Spike,1211.85,8.08,3.27,Medium
2010-11-26,JSWSTEEL,Return Crash,1107.7,-6.94,-3.1,Medium
2010-12-13,JSWSTEEL,Return Spike,1130.25,8.62,3.09,Medium
2011-01-11,JSWSTEEL,Volume Spike,942.2,-4.42,3.15,Medium
2011-07-28,JSWSTEEL,Volume Spike,819.3,-5.06,4.37,Medium
2011-08-01,JSWSTEEL,Volume Spike,694.95,-10.09,6.48,High
2011-08-01,JSWSTEEL,Return Crash,694.95,-10.09,-4.17,Medium
2011-08-02,JSWSTEEL,Volume Spike,672.7,-3.2,3.24,Medium
2011-08-03,JSWSTEEL,Volume Spike,709.95,5.54,3.13,Medium
2011-10-28,JSWSTEEL,Return Spike,665.75,10.25,3.02,Medium
2012-12-18,JSWSTEEL,Volume Spike,804.95,4.99,3.09,Medium
2013-03-28,JSWSTEEL,Return Spike,672.35,12.11,4.81,High
2013-03-28,JSWSTEEL,Volume Spike,672.35,12.11,4.36,Medium
2013-08-16,JSWSTEEL,Return Crash,487.35,-8.86,-3.18,Medium
2013-08-22,JSWSTEEL,Return Spike,545.9,9.76,3.37,Medium
2014-01-27,JSWSTEEL,Return Crash,914.7,-5.71,-3.6,Medium
2014-02-03,JSWSTEEL,Return Crash,852.6,-7.06,-3.58,Medium
2014-08-14,JSWSTEEL,Return Spike,1274.0,8.29,3.77,Medium
2015-02-19,JSWSTEEL,Return Spike,1037.6,6.62,3.57,Medium
2015-08-17,JSWSTEEL,Return Spike,966.8,7.35,3.15,Medium
2015-08-24,JSWSTEEL,Return Crash,866.8,-8.48,-3.28,Medium
2016-07-27,JSWSTEEL,Volume Spike,1739.3,4.82,3.81,Medium
2016-09-06,JSWSTEEL,Return Spike,1862.55,4.79,3.01,Medium
2016-09-16,JSWSTEEL,Volume Spike,1725.55,-1.61,3.23,Medium
2016-09-29,JSWSTEEL,Return Crash,1678.35,-5.49,-3.32,Medium
2016-09-29,JSWSTEEL,Volume Spike,1678.35,-5.49,3.12,Medium
2016-10-27,JSWSTEEL,Volume Spike,1636.95,-1.88,3.3,Medium
2017-01-04,JSWSTEEL,Volume Spike,163.05,-90.09,4.19,Medium
2017-01-04,JSWSTEEL,Return Crash,163.05,-90.09,-7.53,High
2017-01-05,JSWSTEEL,Volume Spike,175.65,7.73,7.49,High
2017-01-06,JSWSTEEL,Volume Spike,175.2,-0.26,4.89,Medium
2017-01-11,JSWSTEEL,Volume Spike,187.55,5.1,8.26,High
2017-03-30,JSWSTEEL,Volume Spike,185.4,1.12,4.17,Medium
2017-05-18,JSWSTEEL,Return Crash,191.4,-7.4,-3.49,Medium
2017-05-18,JSWSTEEL,Volume Spike,191.4,-7.4,3.16,Medium
2018-01-23,JSWSTEEL,Return Spike,294.05,5.53,3.0,Medium
2018-08-29,JSWSTEEL,Volume Spike,399.0,8.96,6.82,High
2018-08-29,JSWSTEEL,Return Spike,399.0,8.96,4.11,Medium
2018-08-30,JSWSTEEL,Volume Spike,397.9,-0.28,3.55,Medium
2018-11-27,JSWSTEEL,Volume Spike,311.2,-2.02,4.01,Medium
2019-09-20,JSWSTEEL,Return Spike,238.1,8.45,3.24,Medium
2020-02-24,JSWSTEEL,Return Crash,258.95,-8.11,-3.53,Medium
2020-03-12,JSWSTEEL,Return Crash,203.2,-9.08,-3.2,Medium
2020-03-16,JSWSTEEL,Return Crash,186.0,-13.45,-3.93,Medium
2020-03-23,JSWSTEEL,Return Crash,144.4,-17.84,-4.01,Medium
2020-09-21,JSWSTEEL,Return Crash,271.3,-5.7,-3.0,Medium
2021-02-26,JSWSTEEL,Return Crash,395.45,-6.24,-3.02,Medium
2021-04-01,JSWSTEEL,Return Spike,508.75,8.6,3.32,Medium
2021-04-01,JSWSTEEL,Volume Spike,508.75,8.6,3.54,Medium
2021-04-08,JSWSTEEL,Return Spike,614.1,9.21,3.06,Medium
2021-04-08,JSWSTEEL,Volume Spike,614.1,9.21,4.52,Medium
2010-05-10,KOTAKBANK,Return Spike,760.9,6.82,3.54,Medium
2010-06-24,KOTAKBANK,Volume Spike,756.1,-3.57,13.34,High
2010-09-13,KOTAKBANK,Return Crash,454.7,-47.41,-7.4,High
2010-09-14,KOTAKBANK,Volume Spike,475.65,4.61,4.11,Medium
2010-09-15,KOTAKBANK,Volume Spike,473.85,-0.38,4.18,Medium
2011-02-24,KOTAKBANK,Volume Spike,402.05,-1.45,4.18,Medium
2011-05-05,KOTAKBANK,Volume Spike,422.0,2.19,3.41,Medium
2011-06-14,KOTAKBANK,Volume Spike,447.95,0.98,4.58,Medium
2011-06-17,KOTAKBANK,Volume Spike,439.9,-0.03,3.28,Medium
2011-07-13,KOTAKBANK,Volume Spike,490.3,3.06,3.48,Medium
2011-07-14,KOTAKBANK,Volume Spike,497.55,1.48,4.22,Medium
2011-08-29,KOTAKBANK,Return Spike,441.3,6.45,3.26,Medium
2011-10-14,KOTAKBANK,Volume Spike,475.4,0.32,8.0,High
2012-07-19,KOTAKBANK,Volume Spike,580.0,-2.39,3.81,Medium
2012-11-30,KOTAKBANK,Volume Spike,670.45,2.95,4.5,Medium
2013-01-18,KOTAKBANK,Volume Spike,629.75,0.29,3.21,Medium
2013-01-22,KOTAKBANK,Volume Spike,640.75,1.55,3.19,Medium
2013-02-28,KOTAKBANK,Volume Spike,659.6,0.93,3.68,Medium
2013-05-15,KOTAKBANK,Return Spike,768.25,5.25,3.34,Medium
2013-08-20,KOTAKBANK,Volume Spike,634.2,2.16,3.56,Medium
2013-09-05,KOTAKBANK,Return Spike,662.0,8.79,3.19,Medium
2013-09-16,KOTAKBANK,Volume Spike,711.1,-0.68,3.49,Medium
2014-01-21,KOTAKBANK,Volume Spike,706.3,-3.0,3.32,Medium
2014-02-18,KOTAKBANK,Return Spike,680.3,4.54,3.09,Medium
2014-03-10,KOTAKBANK,Return Spike,752.4,5.74,3.25,Medium
2014-07-07,KOTAKBANK,Volume Spike,870.9,-1.28,10.34,High
2014-10-22,KOTAKBANK,Return Spike,1063.0,4.86,3.14,Medium
2014-11-20,KOTAKBANK,Volume Spike,1156.7,7.35,3.48,Medium
2014-11-20,KOTAKBANK,Return Spike,1156.7,7.35,4.18,Medium
2014-11-21,KOTAKBANK,Volume Spike,1199.15,3.67,4.94,Medium
2015-01-08,KOTAKBANK,Volume Spike,1340.65,5.44,3.28,Medium
2015-05-05,KOTAKBANK,Return Spike,1423.25,6.31,3.52,Medium
2015-07-08,KOTAKBANK,Return Crash,707.1,-50.4,-7.35,High
2015-07-31,KOTAKBANK,Volume Spike,695.4,-2.99,3.5,Medium
2015-10-30,KOTAKBANK,Volume Spike,687.65,3.56,3.93,Medium
2016-02-11,KOTAKBANK,Return Crash,628.95,-5.75,-3.75,Medium
2016-03-10,KOTAKBANK,Volume Spike,654.6,-0.8,3.15,Medium
2016-03-11,KOTAKBANK,Volume Spike,642.65,-1.83,3.38,Medium
2016-03-17,KOTAKBANK,Volume Spike,651.25,0.0,3.43,Medium
2016-09-16,KOTAKBANK,Volume Spike,806.6,-0.25,3.13,Medium
2016-09-29,KOTAKBANK,Volume Spike,772.6,-1.24,12.12,High
2017-01-04,KOTAKBANK,Volume Spike,695.6,-2.27,3.35,Medium
2017-01-25,KOTAKBANK,Return Spike,795.2,6.98,4.6,High
2017-01-25,KOTAKBANK,Volume Spike,795.2,6.98,4.49,Medium
2017-03-22,KOTAKBANK,Volume Spike,862.2,0.31,3.69,Medium
2017-04-27,KOTAKBANK,Volume Spike,916.65,1.81,3.37,Medium
2017-07-20,KOTAKBANK,Volume Spike,980.0,-1.43,4.64,Medium
2017-09-15,KOTAKBANK,Volume Spike,1005.05,-0.25,3.34,Medium
2017-09-28,KOTAKBANK,Volume Spike,1005.25,2.62,3.02,Medium
2017-10-25,KOTAKBANK,Return Crash,1010.55,-5.18,-3.95,Medium
2017-10-25,KOTAKBANK,Volume Spike,1010.55,-5.18,3.76,Medium
2017-12-15,KOTAKBANK,Volume Spike,1030.1,0.53,4.54,Medium
2018-02-02,KOTAKBANK,Return Crash,1085.95,-3.12,-3.11,Medium
2018-03-26,KOTAKBANK,Volume Spike,1039.35,0.05,3.86,Medium
2018-04-02,KOTAKBANK,Return Spike,1096.55,4.65,3.3,Medium
2018-05-02,KOTAKBANK,Volume Spike,1256.85,3.78,4.55,Medium
2018-05-31,KOTAKBANK,Volume Spike,1334.6,2.41,3.15,Medium
2018-07-19,KOTAKBANK,Volume Spike,1347.4,-3.66,3.25,Medium
2018-07-19,KOTAKBANK,Return Crash,1347.4,-3.66,-3.31,Medium
2018-08-16,KOTAKBANK,Return Crash,1245.4,-3.68,-3.06,Medium
2018-10-01,KOTAKBANK,Volume Spike,1122.0,-1.72,3.55,Medium
2018-10-08,KOTAKBANK,Return Spike,1104.3,4.95,3.27,Medium
2018-12-07,KOTAKBANK,Return Spike,1279.65,8.42,3.83,Medium
2018-12-07,KOTAKBANK,Volume Spike,1279.65,8.42,8.55,High
2018-12-10,KOTAKBANK,Volume Spike,1198.35,-6.35,3.93,Medium
2019-01-21,KOTAKBANK,Volume Spike,1267.6,2.21,4.22,Medium
2019-01-22,KOTAKBANK,Volume Spike,1291.75,1.91,3.37,Medium
2019-02-22,KOTAKBANK,Volume Spike,1237.9,-3.98,13.94,High
2019-03-15,KOTAKBANK,Return Spike,1325.15,4.43,3.48,Medium
2019-09-20,KOTAKBANK,Return Spike,1538.85,5.94,3.57,Medium
2019-09-23,KOTAKBANK,Return Spike,1640.6,6.61,3.49,Medium
2020-01-20,KOTAKBANK,Return Crash,1617.9,-4.72,-4.23,Medium
2020-01-20,KOTAKBANK,Volume Spike,1617.9,-4.72,3.35,Medium
2020-03-12,KOTAKBANK,Return Crash,1465.05,-7.82,-4.19,Medium
2020-03-13,KOTAKBANK,Volume Spike,1470.05,0.34,3.08,Medium
2020-03-18,KOTAKBANK,Return Crash,1171.95,-11.4,-4.41,Medium
2020-03-23,KOTAKBANK,Return Crash,1098.25,-13.0,-4.06,Medium
2020-03-25,KOTAKBANK,Return Spike,1290.15,11.9,3.5,Medium
2020-10-27,KOTAKBANK,Volume Spike,1587.65,12.05,6.25,High
2020-10-27,KOTAKBANK,Return Spike,1587.65,12.05,5.06,High
2020-11-27,KOTAKBANK,Volume Spike,1907.1,0.95,7.61,High
2021-02-26,KOTAKBANK,Return Crash,1780.35,-6.07,-3.29,Medium
2010-01-21,LT,Volume Spike,1524.1,-6.84,3.59,Medium
2010-01-22,LT,Volume Spike,1471.7,-3.44,3.45,Medium
2010-05-17,LT,Volume Spike,1606.9,5.07,3.16,Medium
2010-05-17,LT,Return Spike,1606.9,5.07,3.48,Medium
2010-05-18,LT,Volume Spike,1661.05,3.37,3.58,Medium
2010-07-27,LT,Volume Spike,1863.65,-2.93,4.0,Medium
2010-09-21,LT,Volume Spike,2039.9,1.99,3.0,Medium
2011-02-14,LT,Return Spike,1660.15,6.69,3.6,Medium
2011-05-19,LT,Volume Spike,1594.85,5.83,5.21,High
2012-05-14,LT,Volume Spike,1159.4,1.88,3.36,Medium
2012-09-14,LT,Return Spike,1490.0,5.06,3.05,Medium
2013-01-24,LT,Volume Spike,1585.0,1.53,3.97,Medium
2013-02-28,LT,Volume Spike,1367.8,-2.97,3.16,Medium
2013-05-22,LT,Volume Spike,1513.9,-5.71,4.72,Medium
2013-07-11,LT,Return Crash,964.85,-31.75,-6.82,High
2013-07-22,LT,Volume Spike,901.5,-7.44,4.5,Medium
2013-07-23,LT,Volume Spike,901.1,-0.04,3.06,Medium
2014-03-07,LT,Volume Spike,1198.65,4.91,3.39,Medium
2014-05-19,LT,Return Spike,1524.55,6.78,3.25,Medium
2014-07-30,LT,Volume Spike,1524.1,-7.13,4.41,Medium
2014-07-30,LT,Return Crash,1524.1,-7.13,-3.29,Medium
2015-02-09,LT,Return Crash,1572.45,-6.6,-3.89,Medium
2015-02-10,LT,Volume Spike,1571.7,-0.05,3.27,Medium
2015-08-24,LT,Return Crash,1631.55,-6.23,-3.92,Medium
2015-10-30,LT,Volume Spike,1410.75,-4.08,3.92,Medium
2016-01-19,LT,Return Spike,1122.95,3.64,3.05,Medium
2016-02-15,LT,Return Spike,1149.4,9.09,4.73,High
2016-05-26,LT,Volume Spike,1474.15,14.13,6.29,High
2016-05-26,LT,Return Spike,1474.15,14.13,5.29,High
2016-08-01,LT,Volume Spike,1493.7,-4.18,3.54,Medium
2016-11-04,LT,Volume Spike,1419.8,-1.69,7.78,High
2017-03-14,LT,Volume Spike,1558.1,4.46,4.31,Medium
2017-03-14,LT,Return Spike,1558.1,4.46,3.59,Medium
2017-04-03,LT,Return Spike,1661.0,5.47,3.88,Medium
2017-05-25,LT,Return Spike,1768.85,5.01,3.16,Medium
2017-07-13,LT,Return Crash,1175.1,-32.45,-7.3,High
2017-09-08,LT,Volume Spike,1172.4,3.83,3.07,Medium
2017-10-25,LT,Return Spike,1204.2,5.4,3.74,Medium
2017-10-25,LT,Volume Spike,1204.2,5.4,3.38,Medium
2018-05-29,LT,Volume Spike,1380.6,0.3,3.51,Medium
2018-07-26,LT,Volume Spike,1305.95,-1.12,3.12,Medium
2018-08-20,LT,Return Spike,1323.7,6.74,4.35,Medium
2018-08-20,LT,Volume Spike,1323.7,6.74,4.29,Medium
2018-10-29,LT,Return Spike,1261.3,5.33,3.41,Medium
2019-01-21,LT,Volume Spike,1314.55,-0.25,3.86,Medium
2019-05-20,LT,Return Spike,1451.45,6.58,4.44,Medium
2019-05-23,LT,Volume Spike,1476.1,1.03,3.64,Medium
2019-09-20,LT,Volume Spike,1411.5,8.52,3.05,Medium
2019-09-20,LT,Return Spike,1411.5,8.52,4.6,High
2019-09-23,LT,Return Spike,1528.5,8.29,3.81,Medium
2019-09-23,LT,Volume Spike,1528.5,8.29,3.28,Medium
2020-01-23,LT,Volume Spike,1332.3,2.94,3.5,Medium
2020-02-01,LT,Return Crash,1287.4,-5.98,-4.16,Medium
2020-03-09,LT,Return Crash,1101.95,-4.91,-3.05,Medium
2020-03-12,LT,Return Crash,1016.55,-8.99,-4.52,High
2020-03-16,LT,Return Crash,968.7,-7.87,-3.38,Medium
2020-03-23,LT,Return Crash,724.05,-16.27,-4.86,High
2020-11-10,LT,Return Spike,1033.7,7.02,3.75,Medium
2021-02-01,LT,Return Spike,1448.85,8.55,3.81,Medium
2010-02-26,MARUTI,Volume Spike,1459.95,4.29,3.28,Medium
2010-04-26,MARUTI,Volume Spike,1333.7,-2.03,4.11,Medium
2010-04-27,MARUTI,Volume Spike,1283.3,-3.78,4.19,Medium
2010-07-26,MARUTI,Volume Spike,1191.45,-12.28,9.41,High
2010-07-26,MARUTI,Return Crash,1191.45,-12.28,-5.71,High
2010-07-27,MARUTI,Volume Spike,1207.5,1.35,5.02,High
2010-09-14,MARUTI,Volume Spike,1346.5,1.38,3.81,Medium
2010-10-26,MARUTI,Volume Spike,1566.8,3.97,4.62,Medium
2011-03-01,MARUTI,Return Spike,1290.75,6.83,3.86,Medium
2011-06-17,MARUTI,Volume Spike,1165.0,-2.36,3.6,Medium
2011-07-26,MARUTI,Volume Spike,1176.95,-0.36,4.63,Medium
2011-08-10,MARUTI,Return Spike,1277.6,5.42,3.71,Medium
2012-01-17,MARUTI,Volume Spike,1108.35,9.95,5.73,High
2012-01-17,MARUTI,Return Spike,1108.35,9.95,4.24,Medium
2012-01-18,MARUTI,Volume Spike,1101.8,-0.59,4.23,Medium
2012-01-23,MARUTI,Volume Spike,1160.65,5.18,3.16,Medium
2012-05-31,MARUTI,Volume Spike,1100.25,-4.41,4.05,Medium
2012-07-19,MARUTI,Return Crash,1117.3,-8.91,-3.59,Medium
2012-07-19,MARUTI,Volume Spike,1117.3,-8.91,7.57,High
2012-07-20,MARUTI,Volume Spike,1147.5,2.7,3.54,Medium
2013-01-25,MARUTI,Volume Spike,1599.45,3.94,3.09,Medium
2013-02-28,MARUTI,Volume Spike,1354.35,-3.85,3.74,Medium
2013-04-05,MARUTI,Return Spike,1406.3,7.26,3.53,Medium
2013-04-26,MARUTI,Volume Spike,1673.15,5.17,4.93,Medium
2013-07-25,MARUTI,Volume Spike,1414.0,-0.14,3.19,Medium
2013-10-29,MARUTI,Volume Spike,1635.25,8.05,5.46,High
2013-10-29,MARUTI,Return Spike,1635.25,8.05,3.41,Medium
2014-01-28,MARUTI,Return Crash,1566.0,-8.01,-4.46,Medium
2014-01-28,MARUTI,Volume Spike,1566.0,-8.01,6.7,High
2014-01-29,MARUTI,Volume Spike,1673.85,6.89,5.14,High
2014-01-29,MARUTI,Return Spike,1673.85,6.89,3.43,Medium
2014-03-18,MARUTI,Return Spike,1868.2,7.46,3.2,Medium
2014-07-01,MARUTI,Volume Spike,2583.8,5.92,3.88,Medium
2014-07-31,MARUTI,Volume Spike,2524.05,-1.11,3.21,Medium
2014-10-30,MARUTI,Volume Spike,3240.25,1.09,4.26,Medium
2015-01-27,MARUTI,Volume Spike,3687.9,2.25,3.36,Medium
2015-04-27,MARUTI,Volume Spike,3648.4,3.02,4.94,Medium
2015-04-28,MARUTI,Return Spike,3822.6,4.77,3.3,Medium
2015-07-28,MARUTI,Volume Spike,4196.95,0.45,3.06,Medium
2015-08-24,MARUTI,Return Crash,4241.8,-7.13,-5.18,High
2015-11-30,MARUTI,Volume Spike,4606.9,0.59,8.35,High
2016-01-07,MARUTI,Return Crash,4267.9,-4.75,-3.44,Medium
2016-01-22,MARUTI,Return Spike,4104.95,5.48,3.53,Medium
2016-03-01,MARUTI,Return Spike,3494.4,7.97,3.95,Medium
2016-07-26,MARUTI,Volume Spike,4471.3,-1.74,3.23,Medium
2016-10-27,MARUTI,Volume Spike,5860.15,-0.15,3.56,Medium
2016-11-09,MARUTI,Return Crash,5392.95,-4.87,-3.67,Medium
2016-11-15,MARUTI,Return Crash,4846.6,-5.6,-3.42,Medium
2016-11-15,MARUTI,Volume Spike,4846.6,-5.6,3.52,Medium
2017-04-05,MARUTI,Return Spike,6342.4,4.45,3.34,Medium
2017-12-07,MARUTI,Return Spike,8882.4,3.14,3.1,Medium
2017-12-19,MARUTI,Return Spike,9801.5,5.29,4.2,Medium
2018-02-02,MARUTI,Return Crash,8990.6,-4.37,-3.33,Medium
2018-04-27,MARUTI,Volume Spike,8783.35,-1.82,4.18,Medium
2018-07-26,MARUTI,Return Crash,9396.25,-3.72,-3.12,Medium
2018-10-12,MARUTI,Return Spike,7287.2,5.99,3.38,Medium
2018-11-02,MARUTI,Return Spike,7135.45,6.31,3.32,Medium
2019-01-25,MARUTI,Return Crash,6513.4,-7.49,-3.75,Medium
2019-01-25,MARUTI,Volume Spike,6513.4,-7.49,4.25,Medium
2019-04-25,MARUTI,Volume Spike,6905.25,-1.59,3.1,Medium
2019-05-20,MARUTI,Return Spike,7084.6,5.63,3.56,Medium
2019-09-20,MARUTI,Return Spike,6591.95,10.39,4.09,Medium
2020-03-12,MARUTI,Return Crash,5643.15,-8.19,-4.39,Medium
2020-03-19,MARUTI,Return Crash,4819.55,-9.96,-3.87,Medium
2020-03-23,MARUTI,Return Crash,4220.35,-16.91,-4.9,High
2020-03-25,MARUTI,Return Spike,5005.95,11.58,3.24,Medium
2020-04-07,MARUTI,Return Spike,4553.65,13.51,3.29,Medium
2020-12-03,MARUTI,Return Spike,7739.1,7.39,3.97,Medium
2021-01-08,MARUTI,Return Spike,8014.9,5.93,3.33,Medium
2010-03-29,MM,Return Crash,553.6,-48.78,-6.95,High
2010-11-12,MM,Return Crash,773.15,-4.98,-3.18,Medium
2011-03-01,MM,Return Spike,664.3,7.88,3.3,Medium
2011-05-30,MM,Volume Spike,663.05,-5.94,3.16,Medium
2011-05-31,MM,Volume Spike,672.1,1.36,3.53,Medium
2011-11-14,MM,Volume Spike,791.05,-5.98,3.5,Medium
2011-11-14,MM,Return Crash,791.05,-5.98,-3.04,Medium
2012-08-08,MM,Volume Spike,722.7,3.68,3.05,Medium
2013-01-18,MM,Volume Spike,886.0,-1.66,3.03,Medium
2013-02-28,MM,Volume Spike,873.7,-2.14,3.03,Medium
2014-05-14,MM,Volume Spike,1085.45,-3.34,7.7,High
2014-05-26,MM,Return Spike,1229.15,6.03,3.09,Medium
2015-05-29,MM,Volume Spike,1258.1,5.0,3.91,Medium
2015-08-07,MM,Volume Spike,1390.3,-0.5,3.12,Medium
2015-08-24,MM,Return Crash,1243.25,-5.97,-3.19,Medium
2015-12-16,MM,Return Crash,1218.05,-5.51,-3.68,Medium
2016-01-22,MM,Return Spike,1198.9,5.29,3.06,Medium
2016-02-12,MM,Volume Spike,1165.25,3.43,3.11,Medium
2016-04-13,MM,Return Spike,1332.45,7.46,3.38,Medium
2016-08-05,MM,Return Spike,1484.0,3.36,3.02,Medium
2016-11-02,MM,Volume Spike,1369.3,3.24,3.19,Medium
2016-11-11,MM,Return Crash,1240.2,-6.14,-3.82,Medium
2017-03-21,MM,Volume Spike,1294.4,-0.45,3.44,Medium
2017-03-30,MM,Volume Spike,1279.85,0.72,3.56,Medium
2017-04-25,MM,Volume Spike,1307.45,3.39,4.42,Medium
2017-05-31,MM,Volume Spike,1416.95,4.1,3.52,Medium
2017-05-31,MM,Return Spike,1416.95,4.1,3.18,Medium
2017-09-08,MM,Return Crash,1295.4,-3.32,-3.15,Medium
2017-12-19,MM,Volume Spike,1556.3,2.29,3.11,Medium
2017-12-21,MM,Return Crash,742.2,-51.86,-7.49,High
2018-02-01,MM,Volume Spike,798.75,4.68,3.13,Medium
2018-05-30,MM,Volume Spike,897.95,3.18,3.76,Medium
2018-05-31,MM,Volume Spike,922.95,2.78,3.7,Medium
2018-09-07,MM,Return Spike,973.7,4.14,3.05,Medium
2018-09-24,MM,Return Crash,896.05,-6.65,-4.28,Medium
2018-10-03,MM,Return Crash,791.6,-6.61,-3.61,Medium
2019-01-02,MM,Volume Spike,741.7,-4.09,3.0,Medium
2019-05-20,MM,Return Spike,653.25,5.42,3.95,Medium
2019-09-20,MM,Volume Spike,568.9,9.55,3.87,Medium
2019-09-20,MM,Return Spike,568.9,9.55,3.88,Medium
2020-02-10,MM,Volume Spike,528.4,-7.15,3.06,Medium
2020-02-10,MM,Return Crash,528.4,-7.15,-3.94,Medium
2020-02-28,MM,Return Crash,457.05,-7.39,-3.58,Medium
2020-03-16,MM,Return Crash,391.8,-8.64,-3.45,Medium
2020-03-19,MM,Return Crash,314.2,-9.3,-3.03,Medium
2020-04-07,MM,Return Spike,321.0,14.36,3.82,Medium
2020-04-09,MM,Return Spike,381.4,16.85,3.8,Medium
2010-02-11,NESTLEIND,Volume Spike,2737.25,-0.47,5.02,High
2010-04-08,NESTLEIND,Volume Spike,2718.55,-1.18,6.1,High
2010-04-23,NESTLEIND,Volume Spike,2722.1,-5.4,3.79,Medium
2010-04-23,NESTLEIND,Return Crash,2722.1,-5.4,-3.61,Medium
2010-04-28,NESTLEIND,Volume Spike,2799.55,0.21,3.71,Medium
2010-05-10,NESTLEIND,Volume Spike,2794.55,2.31,4.76,Medium
2010-06-02,NESTLEIND,Volume Spike,2837.6,-0.62,6.16,High
2010-06-08,NESTLEIND,Volume Spike,2821.25,0.87,5.26,High
2010-06-30,NESTLEIND,Volume Spike,2879.55,-0.63,6.03,High
2010-08-05,NESTLEIND,Volume Spike,2798.3,-3.74,3.74,Medium
2010-08-06,NESTLEIND,Volume Spike,2769.9,-1.01,6.42,High
2010-08-13,NESTLEIND,Volume Spike,2800.4,-1.07,3.31,Medium
2010-08-20,NESTLEIND,Volume Spike,2879.95,2.25,4.67,Medium
2010-08-23,NESTLEIND,Volume Spike,2910.3,1.05,5.09,High
2010-09-02,NESTLEIND,Volume Spike,3129.55,1.97,7.21,High
2010-10-08,NESTLEIND,Volume Spike,3251.35,1.29,3.75,Medium
2010-10-13,NESTLEIND,Volume Spike,3304.8,0.17,8.74,High
2010-11-09,NESTLEIND,Volume Spike,4002.35,7.24,4.23,Medium
2010-11-09,NESTLEIND,Return Spike,4002.35,7.24,4.16,Medium
2010-11-11,NESTLEIND,Volume Spike,3800.2,-1.51,4.84,Medium
2011-02-02,NESTLEIND,Volume Spike,3256.95,0.5,3.32,Medium
2011-02-16,NESTLEIND,Volume Spike,3391.05,-0.03,10.95,High
2011-03-18,NESTLEIND,Volume Spike,3532.25,-0.9,3.4,Medium
2011-04-06,NESTLEIND,Volume Spike,3702.05,0.46,8.51,High
2011-04-08,NESTLEIND,Volume Spike,3707.6,-0.04,3.76,Medium
2011-05-09,NESTLEIND,Volume Spike,4127.75,2.96,4.48,Medium
2011-06-16,NESTLEIND,Volume Spike,3951.25,-3.03,3.17,Medium
2011-07-01,NESTLEIND,Volume Spike,4305.4,4.8,3.84,Medium
2011-07-01,NESTLEIND,Return Spike,4305.4,4.8,3.12,Medium
2011-07-04,NESTLEIND,Volume Spike,4435.8,3.03,3.67,Medium
2011-10-31,NESTLEIND,Volume Spike,4243.85,-0.29,5.17,High
2011-11-18,NESTLEIND,Volume Spike,4428.0,-1.02,3.93,Medium
2011-12-28,NESTLEIND,Volume Spike,4207.65,-0.27,5.39,High
2012-01-12,NESTLEIND,Volume Spike,3958.65,-2.55,3.35,Medium
2012-03-19,NESTLEIND,Volume Spike,4382.3,-0.12,3.82,Medium
2012-03-26,NESTLEIND,Return Crash,4448.05,-3.4,-3.11,Medium
2012-03-27,NESTLEIND,Volume Spike,4474.75,0.6,3.62,Medium
2012-03-28,NESTLEIND,Volume Spike,4544.05,1.55,3.49,Medium
2012-04-10,NESTLEIND,Return Spike,4784.15,4.48,3.09,Medium
2012-05-02,NESTLEIND,Volume Spike,4622.7,-1.1,4.37,Medium
2012-05-04,NESTLEIND,Volume Spike,4568.4,-0.98,4.38,Medium
2012-05-09,NESTLEIND,Volume Spike,4444.8,-0.98,5.1,High
2012-07-04,NESTLEIND,Volume Spike,4475.5,-1.33,3.04,Medium
2012-08-17,NESTLEIND,Volume Spike,4460.65,0.42,3.82,Medium
2012-08-21,NESTLEIND,Return Spike,4591.9,2.94,3.21,Medium
2012-09-07,NESTLEIND,Volume Spike,4602.8,-0.02,3.91,Medium
2013-01-08,NESTLEIND,Volume Spike,4894.95,0.43,4.26,Medium
2013-01-23,NESTLEIND,Return Crash,4503.1,-4.2,-3.59,Medium
2013-02-20,NESTLEIND,Volume Spike,4604.2,0.12,10.36,High
2013-02-28,NESTLEIND,Volume Spike,4761.8,1.96,3.06,Medium
2013-03-25,NESTLEIND,Volume Spike,4610.25,-2.05,4.09,Medium
2013-04-10,NESTLEIND,Volume Spike,4513.8,1.2,4.59,Medium
2013-04-30,NESTLEIND,Volume Spike,4981.35,5.2,5.87,High
2013-04-30,NESTLEIND,Return Spike,4981.35,5.2,4.47,Medium
2013-05-20,NESTLEIND,Volume Spike,5105.1,2.61,3.58,Medium
2013-07-01,NESTLEIND,Return Spike,5102.25,5.11,3.7,Medium
2013-08-30,NESTLEIND,Volume Spike,4896.7,4.73,3.02,Medium
2013-09-11,NESTLEIND,Volume Spike,5054.1,0.87,3.08,Medium
2013-09-26,NESTLEIND,Volume Spike,5034.4,1.88,4.22,Medium
2013-11-08,NESTLEIND,Volume Spike,5763.15,0.48,3.27,Medium
2013-11-26,NESTLEIND,Volume Spike,5298.65,-2.52,9.37,High
2014-02-28,NESTLEIND,Volume Spike,4864.5,-2.69,10.49,High
2014-03-03,NESTLEIND,Return Crash,4656.9,-4.27,-3.08,Medium
2014-05-06,NESTLEIND,Volume Spike,4686.55,-0.5,7.79,High
2014-05-08,NESTLEIND,Volume Spike,4698.0,0.36,5.04,High
2014-05-14,NESTLEIND,Volume Spike,4775.2,-2.02,3.38,Medium
2014-07-11,NESTLEIND,Volume Spike,4992.0,0.76,4.4,Medium
2014-08-13,NESTLEIND,Return Spike,5561.05,4.25,3.22,Medium
2015-01-12,NESTLEIND,Volume Spike,6462.75,1.2,3.18,Medium
2015-01-13,NESTLEIND,Volume Spike,6714.65,3.9,3.2,Medium
2015-02-20,NESTLEIND,Volume Spike,7176.7,1.92,4.59,Medium
2015-05-29,NESTLEIND,Volume Spike,6751.55,-4.34,3.08,Medium
2015-06-03,NESTLEIND,Volume Spike,6186.95,-9.06,6.58,High
2015-06-03,NESTLEIND,Return Crash,6186.95,-9.06,-4.7,High
2015-06-04,NESTLEIND,Volume Spike,6004.45,-2.95,5.42,High
2015-06-05,NESTLEIND,Volume Spike,6011.6,0.12,6.51,High
2015-06-08,NESTLEIND,Return Crash,5569.0,-7.36,-3.29,Medium
2015-06-09,NESTLEIND,Volume Spike,5964.35,7.1,3.6,Medium
2015-06-09,NESTLEIND,Return Spike,5964.35,7.1,3.21,Medium
2015-08-05,NESTLEIND,Volume Spike,6838.35,7.68,4.29,Medium
2015-08-13,NESTLEIND,Volume Spike,6317.25,1.33,4.46,Medium
2015-10-16,NESTLEIND,Volume Spike,6569.4,5.85,7.14,High
2016-03-31,NESTLEIND,Return Spike,5757.35,5.06,3.39,Medium
2016-05-13,NESTLEIND,Volume Spike,6121.65,7.2,4.22,Medium
2016-05-13,NESTLEIND,Return Spike,6121.65,7.2,3.64,Medium
2016-06-30,NESTLEIND,Volume Spike,6492.35,0.74,3.63,Medium
2016-10-14,NESTLEIND,Return Spike,6877.25,5.11,3.47,Medium
2016-11-15,NESTLEIND,Return Crash,5957.65,-4.76,-3.03,Medium
2016-11-15,NESTLEIND,Volume Spike,5957.65,-4.76,3.43,Medium
2016-11-16,NESTLEIND,Volume Spike,5965.6,0.13,4.54,Medium
2017-01-20,NESTLEIND,Volume Spike,5899.8,-0.2,6.61,High
2017-01-31,NESTLEIND,Volume Spike,5851.85,-0.81,4.67,Medium
2017-04-27,NESTLEIND,Return Spike,6702.15,4.32,3.41,Medium
2017-05-10,NESTLEIND,Volume Spike,6920.35,3.21,3.35,Medium
2017-08-28,NESTLEIND,Return Spike,7048.6,6.75,5.77,High
2017-08-28,NESTLEIND,Volume Spike,7048.6,6.75,4.61,Medium
2017-10-13,NESTLEIND,Volume Spike,7345.4,-0.48,4.07,Medium
2017-10-26,NESTLEIND,Volume Spike,7144.9,-0.12,3.57,Medium
2018-02-15,NESTLEIND,Return Spike,7583.2,4.38,3.9,Medium
2018-02-15,NESTLEIND,Volume Spike,7583.2,4.38,5.08,High
2018-05-11,NESTLEIND,Return Spike,9523.0,6.03,3.47,Medium
2018-08-03,NESTLEIND,Volume Spike,10324.6,-4.04,3.43,Medium
2018-08-23,NESTLEIND,Volume Spike,11544.05,6.04,3.08,Medium
2018-08-23,NESTLEIND,Return Spike,11544.05,6.04,3.53,Medium
2019-02-15,NESTLEIND,Volume Spike,10535.45,-0.88,4.69,Medium
2019-08-21,NESTLEIND,Volume Spike,12594.1,5.22,3.89,Medium
2019-08-21,NESTLEIND,Return Spike,12594.1,5.22,3.82,Medium
2019-09-20,NESTLEIND,Return Spike,13499.4,6.34,4.09,Medium
2019-09-26,NESTLEIND,Volume Spike,13934.6,3.54,6.37,High
2019-12-20,NESTLEIND,Volume Spike,14858.25,4.01,4.39,Medium
2020-02-03,NESTLEIND,Volume Spike,16301.0,5.0,3.05,Medium
2020-02-03,NESTLEIND,Return Spike,16301.0,5.0,3.43,Medium
2020-03-18,NESTLEIND,Return Crash,13536.8,-6.91,-3.67,Medium
2020-03-20,NESTLEIND,Return Spike,14145.5,7.81,3.64,Medium
2020-03-23,NESTLEIND,Return Crash,12944.65,-8.49,-3.44,Medium
2020-04-07,NESTLEIND,Return Spike,17038.65,12.8,3.81,Medium
2020-05-13,NESTLEIND,Volume Spike,16512.35,-5.44,3.1,Medium
2020-09-21,NESTLEIND,Return Crash,15430.75,-4.08,-3.17,Medium
2020-10-19,NESTLEIND,Return Spike,16093.15,4.3,3.22,Medium
2020-10-26,NESTLEIND,Volume Spike,16259.35,2.48,3.26,Medium
2020-10-27,NESTLEIND,Volume Spike,17229.85,5.97,3.86,Medium
2020-10-27,NESTLEIND,Return Spike,17229.85,5.97,3.76,Medium
2020-11-27,NESTLEIND,Volume Spike,17888.95,0.83,5.73,High
2021-02-17,NESTLEIND,Volume Spike,16741.2,-2.76,4.68,Medium
2010-02-26,NTPC,Volume Spike,203.05,1.47,3.06,Medium
2010-05-07,NTPC,Volume Spike,202.6,-0.71,3.26,Medium
2010-05-21,NTPC,Return Crash,196.2,-4.08,-3.57,Medium
2010-08-26,NTPC,Return Spike,198.55,2.45,3.01,Medium
2010-08-26,NTPC,Volume Spike,198.55,2.45,3.36,Medium
2010-10-28,NTPC,Volume Spike,194.05,-2.12,3.1,Medium
2011-03-01,NTPC,Return Spike,181.35,6.77,3.85,Medium
2011-03-31,NTPC,Volume Spike,193.1,2.25,3.64,Medium
2011-05-31,NTPC,Volume Spike,168.25,0.3,5.82,High
2011-09-16,NTPC,Return Spike,172.45,4.8,3.04,Medium
2012-03-29,NTPC,Volume Spike,162.5,0.56,3.05,Medium
2012-08-02,NTPC,Volume Spike,163.5,3.81,3.46,Medium
2012-11-21,NTPC,Return Crash,162.0,-3.77,-3.16,Medium
2013-01-18,NTPC,Return Spike,164.5,4.71,3.84,Medium
2013-02-07,NTPC,Volume Spike,148.05,-2.47,6.27,High
2013-02-08,NTPC,Volume Spike,148.05,0.0,6.89,High
2013-02-28,NTPC,Volume Spike,150.9,-1.92,3.47,Medium
2013-04-25,NTPC,Return Spike,155.25,4.16,3.31,Medium
2013-05-21,NTPC,Return Crash,152.3,-4.54,-3.27,Medium
2013-12-10,NTPC,Return Crash,136.05,-11.34,-5.19,High
2013-12-10,NTPC,Volume Spike,136.05,-11.34,9.04,High
2014-02-24,NTPC,Volume Spike,116.9,-11.74,4.73,Medium
2014-02-24,NTPC,Return Crash,116.9,-11.74,-4.53,High
2014-05-13,NTPC,Volume Spike,122.8,1.4,3.78,Medium
2014-05-16,NTPC,Volume Spike,131.6,1.78,3.13,Medium
2014-05-19,NTPC,Return Spike,145.6,10.64,4.17,Medium
2014-05-19,NTPC,Volume Spike,145.6,10.64,3.01,Medium
2014-05-30,NTPC,Volume Spike,160.5,5.49,3.37,Medium
2015-01-27,NTPC,Volume Spike,143.15,0.88,3.2,Medium
2015-02-26,NTPC,Volume Spike,153.35,5.0,3.34,Medium
2015-03-12,NTPC,Volume Spike,159.7,3.87,3.27,Medium
2015-03-20,NTPC,Return Crash,145.5,-5.98,-3.14,Medium
2015-05-29,NTPC,Volume Spike,136.55,1.41,6.99,High
2015-08-06,NTPC,Volume Spike,135.9,-0.62,3.26,Medium
2015-08-24,NTPC,Volume Spike,115.3,-6.56,3.83,Medium
2015-08-24,NTPC,Return Crash,115.3,-6.56,-4.33,Medium
2015-09-09,NTPC,Return Spike,120.9,5.64,3.33,Medium
2015-10-16,NTPC,Volume Spike,126.8,1.44,4.23,Medium
2016-01-15,NTPC,Return Crash,136.45,-4.71,-3.36,Medium
2016-02-24,NTPC,Volume Spike,118.65,-4.16,3.65,Medium
2016-02-25,NTPC,Volume Spike,118.5,-0.13,5.46,High
2016-05-31,NTPC,Volume Spike,143.15,-0.31,6.25,High
2016-07-15,NTPC,Volume Spike,156.25,-1.54,5.04,High
2016-11-18,NTPC,Return Spike,159.05,4.78,3.21,Medium
2017-01-12,NTPC,Return Spike,173.7,5.59,3.59,Medium
2017-04-11,NTPC,Volume Spike,167.0,0.15,3.29,Medium
2017-08-02,NTPC,Volume Spike,171.85,4.03,3.6,Medium
2017-08-02,NTPC,Return Spike,171.85,4.03,3.67,Medium
2017-08-29,NTPC,Volume Spike,168.4,-2.83,3.27,Medium
2017-08-31,NTPC,Volume Spike,168.75,0.48,7.53,High
2017-10-17,NTPC,Volume Spike,175.9,0.26,3.03,Medium
2018-03-12,NTPC,Return Spike,171.15,4.11,4.29,Medium
2018-05-31,NTPC,Volume Spike,167.55,1.36,3.83,Medium
2018-07-02,NTPC,Return Crash,153.55,-3.82,-3.05,Medium
2018-10-25,NTPC,Volume Spike,162.3,-0.46,9.15,High
2018-11-29,NTPC,Volume Spike,142.25,-0.84,3.81,Medium
2018-11-30,NTPC,Volume Spike,140.3,-1.37,3.22,Medium
2018-12-10,NTPC,Volume Spike,136.2,-1.2,3.15,Medium
2019-01-31,NTPC,Volume Spike,139.7,0.72,4.22,Medium
2019-02-14,NTPC,Volume Spike,131.25,0.11,3.17,Medium
2019-02-28,NTPC,Volume Spike,141.25,1.8,3.17,Medium
2019-03-19,NTPC,Return Crash,134.9,-15.02,-5.83,High
2019-06-27,NTPC,Volume Spike,140.15,0.07,3.45,Medium
2019-07-05,NTPC,Return Crash,136.5,-4.84,-3.47,Medium
2019-07-08,NTPC,Return Crash,129.6,-5.05,-3.22,Medium
2019-08-13,NTPC,Return Crash,117.15,-5.45,-3.12,Medium
2020-01-22,NTPC,Return Crash,112.15,-4.27,-3.39,Medium
2020-01-31,NTPC,Volume Spike,112.85,-0.7,5.01,High
2020-03-12,NTPC,Return Crash,94.35,-8.44,-4.15,Medium
2020-03-16,NTPC,Return Crash,90.8,-7.39,-3.16,Medium
2020-03-18,NTPC,Return Crash,80.55,-8.57,-3.23,Medium
2020-03-18,NTPC,Volume Spike,80.55,-8.57,3.23,Medium
2020-06-25,NTPC,Volume Spike,96.1,-0.98,3.88,Medium
2020-08-17,NTPC,Return Spike,95.3,7.81,3.86,Medium
2020-08-17,NTPC,Volume Spike,95.3,7.81,5.97,High
2020-08-20,NTPC,Return Spike,101.1,6.81,3.12,Medium
2020-08-20,NTPC,Volume Spike,101.1,6.81,4.41,Medium
2020-08-21,NTPC,Volume Spike,105.95,4.8,3.56,Medium
2020-10-27,NTPC,Volume Spike,89.45,4.07,3.61,Medium
2020-11-03,NTPC,Volume Spike,85.95,-3.64,3.29,Medium
2020-11-27,NTPC,Volume Spike,94.7,0.64,4.1,Medium
2020-12-21,NTPC,Return Crash,97.5,-6.02,-3.11,Medium
2010-05-20,ONGC,Return Spike,1118.65,9.13,5.62,High
2010-05-20,ONGC,Volume Spike,1118.65,9.13,4.95,Medium
2011-02-08,ONGC,Return Crash,282.05,-76.39,-7.54,High
2011-05-17,ONGC,Return Crash,277.4,-6.58,-3.27,Medium
2011-06-27,ONGC,Volume Spike,284.2,4.18,4.46,Medium
2011-09-16,ONGC,Return Spike,274.7,5.41,3.11,Medium
2012-05-24,ONGC,Return Spike,257.7,5.85,3.34,Medium
2012-11-30,ONGC,Return Spike,264.95,4.39,3.44,Medium
2013-01-18,ONGC,Return Spike,337.7,7.39,3.83,Medium
2013-01-18,ONGC,Volume Spike,337.7,7.39,4.04,Medium
2013-06-28,ONGC,Volume Spike,331.1,3.39,5.47,High
2014-05-19,ONGC,Return Spike,416.75,8.49,4.01,Medium
2014-06-06,ONGC,Volume Spike,465.65,11.09,3.41,Medium
2014-06-06,ONGC,Return Spike,465.65,11.09,3.88,Medium
2014-10-20,ONGC,Volume Spike,419.0,5.51,3.33,Medium
2015-05-04,ONGC,Return Spike,328.35,8.01,4.1,Medium
2015-05-05,ONGC,Volume Spike,342.15,4.2,3.25,Medium
2015-08-24,ONGC,Return Crash,227.7,-11.04,-5.14,High
2016-02-29,ONGC,Volume Spike,194.1,-10.16,3.54,Medium
2016-02-29,ONGC,Return Crash,194.1,-10.16,-3.78,Medium
2016-03-01,ONGC,Volume Spike,191.5,-1.34,3.07,Medium
2016-07-04,ONGC,Volume Spike,232.05,3.13,3.05,Medium
2016-12-15,ONGC,Return Crash,206.45,-32.38,-7.08,High
2017-01-31,ONGC,Volume Spike,202.55,0.35,4.83,Medium
2017-04-28,ONGC,Return Spike,186.55,4.16,4.13,Medium
2017-09-15,ONGC,Return Spike,166.75,4.64,3.34,Medium
2018-05-23,ONGC,Return Crash,175.4,-5.29,-3.95,Medium
2018-05-24,ONGC,Volume Spike,167.7,-4.39,5.36,High
2018-05-25,ONGC,Return Spike,175.45,4.62,3.1,Medium
2018-10-04,ONGC,Return Crash,172.4,-4.99,-3.29,Medium
2018-10-05,ONGC,Volume Spike,147.05,-14.7,4.1,Medium
2018-10-05,ONGC,Return Crash,147.05,-14.7,-5.9,High
2018-10-25,ONGC,Volume Spike,155.35,-1.52,3.04,Medium
2018-11-29,ONGC,Volume Spike,140.6,-1.54,3.48,Medium
2018-12-10,ONGC,Volume Spike,137.1,-1.65,3.05,Medium
2019-01-31,ONGC,Volume Spike,141.25,1.11,4.1,Medium
2019-02-14,ONGC,Volume Spike,132.15,-0.94,3.26,Medium
2019-02-15,ONGC,Volume Spike,135.0,2.16,4.02,Medium
2019-02-28,ONGC,Volume Spike,148.65,0.44,3.48,Medium
2019-04-25,ONGC,Volume Spike,168.85,0.12,7.28,High
2019-06-27,ONGC,Volume Spike,170.6,1.82,3.37,Medium
2019-09-20,ONGC,Return Spike,133.6,7.48,3.34,Medium
2020-01-03,ONGC,Volume Spike,128.45,0.31,3.61,Medium
2020-01-22,ONGC,Return Crash,116.4,-5.17,-3.54,Medium
2020-01-31,ONGC,Volume Spike,108.95,-5.75,5.43,High
2020-01-31,ONGC,Return Crash,108.95,-5.75,-3.57,Medium
2020-03-09,ONGC,Volume Spike,74.55,-15.76,3.21,Medium
2020-03-09,ONGC,Return Crash,74.55,-15.76,-5.47,High
2020-03-12,ONGC,Return Crash,62.5,-12.83,-3.72,Medium
2020-03-18,ONGC,Volume Spike,68.15,13.58,4.06,Medium
2020-03-18,ONGC,Return Spike,68.15,13.58,3.72,Medium
2020-03-20,ONGC,Return Spike,72.35,18.51,4.04,Medium
2020-06-25,ONGC,Volume Spike,81.6,-1.81,4.64,Medium
2020-08-31,ONGC,Volume Spike,81.95,1.99,4.79,Medium
2020-11-23,ONGC,Return Spike,76.5,6.77,3.23,Medium
2020-11-25,ONGC,Volume Spike,80.8,6.18,3.77,Medium
2020-12-11,ONGC,Volume Spike,96.8,5.62,3.64,Medium
2020-12-21,ONGC,Return Crash,89.85,-9.24,-3.62,Medium
2021-02-18,ONGC,Volume Spike,110.7,8.26,3.22,Medium
2021-04-30,ONGC,Volume Spike,108.15,3.94,3.76,Medium
2010-03-11,POWERGRID,Volume Spike,106.8,-2.11,3.08,Medium
2010-03-12,POWERGRID,Volume Spike,106.3,-0.47,4.54,Medium
2010-04-27,POWERGRID,Volume Spike,113.2,2.54,4.28,Medium
2010-04-29,POWERGRID,Return Crash,110.45,-3.87,-3.01,Medium
2010-08-16,POWERGRID,Volume Spike,105.3,3.34,3.93,Medium
2010-08-16,POWERGRID,Return Spike,105.3,3.34,3.07,Medium
2010-08-30,POWERGRID,Return Spike,108.75,4.22,3.58,Medium
2010-08-30,POWERGRID,Volume Spike,108.75,4.22,3.77,Medium
2010-09-29,POWERGRID,Volume Spike,108.65,1.64,3.85,Medium
2010-11-08,POWERGRID,Volume Spike,98.35,-3.63,4.15,Medium
2010-11-09,POWERGRID,Volume Spike,103.8,5.54,4.98,Medium
2010-11-09,POWERGRID,Return Spike,103.8,5.54,3.64,Medium
2010-11-25,POWERGRID,Volume Spike,96.55,-0.57,10.66,High
2010-11-26,POWERGRID,Volume Spike,96.45,-0.1,3.31,Medium
2011-02-28,POWERGRID,Volume Spike,98.95,-0.25,7.34,High
2011-06-27,POWERGRID,Return Spike,108.35,4.53,3.31,Medium
2011-06-27,POWERGRID,Volume Spike,108.35,4.53,4.69,Medium
2011-06-30,POWERGRID,Volume Spike,109.5,-0.54,3.55,Medium
2012-01-23,POWERGRID,Volume Spike,101.0,-0.44,3.52,Medium
2012-06-05,POWERGRID,Volume Spike,105.95,1.83,3.21,Medium
2012-09-14,POWERGRID,Volume Spike,120.0,-0.95,3.13,Medium
2013-02-14,POWERGRID,Return Crash,105.7,-3.82,-3.3,Medium
2013-02-28,POWERGRID,Return Crash,104.3,-4.22,-3.03,Medium
2013-08-02,POWERGRID,Return Crash,91.35,-11.18,-4.91,High
2013-08-02,POWERGRID,Volume Spike,91.35,-11.18,5.28,High
2013-12-18,POWERGRID,Volume Spike,100.0,1.32,7.04,High
2013-12-19,POWERGRID,Volume Spike,99.25,-0.75,10.72,High
2014-02-28,POWERGRID,Volume Spike,94.5,-0.74,3.3,Medium
2014-03-18,POWERGRID,Return Spike,101.45,3.15,3.44,Medium
2014-05-12,POWERGRID,Return Spike,111.5,4.35,3.08,Medium
2014-05-16,POWERGRID,Volume Spike,119.5,4.41,3.52,Medium
2014-05-30,POWERGRID,Volume Spike,122.0,-2.44,3.94,Medium
2014-06-09,POWERGRID,Return Spike,137.35,7.22,3.5,Medium
2014-07-08,POWERGRID,Return Crash,137.75,-5.68,-3.03,Medium
2014-11-25,POWERGRID,Volume Spike,139.1,-2.35,5.22,High
2015-01-15,POWERGRID,Return Spike,142.95,5.07,3.25,Medium
2015-05-18,POWERGRID,Volume Spike,140.05,0.0,3.3,Medium
2015-08-24,POWERGRID,Volume Spike,131.1,-1.72,3.34,Medium
2015-08-25,POWERGRID,Volume Spike,128.6,-1.91,4.37,Medium
2015-11-04,POWERGRID,Volume Spike,131.2,-0.34,3.52,Medium
2015-12-18,POWERGRID,Volume Spike,135.4,0.63,8.93,High
2016-02-25,POWERGRID,Return Crash,131.75,-5.69,-3.21,Medium
2016-06-30,POWERGRID,Volume Spike,163.1,2.42,3.05,Medium
2016-07-28,POWERGRID,Volume Spike,176.2,2.17,3.49,Medium
2016-11-10,POWERGRID,Return Spike,188.45,4.58,3.08,Medium
2017-01-12,POWERGRID,Volume Spike,198.0,4.32,3.19,Medium
2017-04-19,POWERGRID,Volume Spike,211.2,4.37,3.23,Medium
2017-04-19,POWERGRID,Return Spike,211.2,4.37,3.68,Medium
2017-06-22,POWERGRID,Volume Spike,202.3,-1.65,3.43,Medium
2017-07-31,POWERGRID,Return Spike,223.3,4.03,3.34,Medium
2017-10-18,POWERGRID,Return Spike,213.55,4.22,3.29,Medium
2018-02-12,POWERGRID,Return Spike,198.5,2.74,3.37,Medium
2018-05-15,POWERGRID,Volume Spike,213.85,2.3,4.47,Medium
2018-05-31,POWERGRID,Volume Spike,209.45,-0.02,8.49,High
2018-07-26,POWERGRID,Volume Spike,181.85,3.53,3.7,Medium
2018-07-26,POWERGRID,Return Spike,181.85,3.53,3.17,Medium
2018-08-30,POWERGRID,Volume Spike,196.95,2.02,3.11,Medium
2018-12-27,POWERGRID,Volume Spike,196.55,0.64,4.08,Medium
2019-01-31,POWERGRID,Volume Spike,188.6,0.8,3.57,Medium
2019-02-14,POWERGRID,Volume Spike,174.95,-0.91,3.72,Medium
2019-02-28,POWERGRID,Volume Spike,182.85,0.77,4.66,Medium
2019-05-30,POWERGRID,Volume Spike,191.2,0.55,3.57,Medium
2019-08-05,POWERGRID,Return Crash,201.15,-4.46,-3.03,Medium
2019-09-20,POWERGRID,Volume Spike,196.2,-2.46,4.43,Medium
2019-09-25,POWERGRID,Volume Spike,198.75,4.36,3.17,Medium
2019-12-12,POWERGRID,Volume Spike,184.75,1.65,3.95,Medium
2020-01-20,POWERGRID,Return Spike,204.65,3.67,3.2,Medium
2020-01-20,POWERGRID,Volume Spike,204.65,3.67,4.42,Medium
2020-01-22,POWERGRID,Volume Spike,200.05,-0.27,4.11,Medium
2020-01-23,POWERGRID,Volume Spike,201.95,0.95,9.06,High
2020-03-12,POWERGRID,Return Crash,166.1,-8.43,-3.84,Medium
2020-03-18,POWERGRID,Return Crash,144.15,-11.02,-3.94,Medium
2020-03-18,POWERGRID,Volume Spike,144.15,-11.02,3.57,Medium
2020-03-20,POWERGRID,Volume Spike,157.25,6.86,3.31,Medium
2020-11-19,POWERGRID,Volume Spike,189.8,2.37,3.2,Medium
2021-02-03,POWERGRID,Return Spike,206.5,6.33,3.41,Medium
2021-02-03,POWERGRID,Volume Spike,206.5,6.33,3.16,Medium
2021-02-16,POWERGRID,Return Spike,225.55,6.17,3.09,Medium
2021-02-16,POWERGRID,Volume Spike,225.55,6.17,3.22,Medium
2010-05-07,RELIANCE,Volume Spike,1032.8,2.48,3.29,Medium
2010-07-28,RELIANCE,Volume Spike,1021.25,-3.06,3.85,Medium
2010-07-29,RELIANCE,Volume Spike,1010.15,-1.09,3.0,Medium
2011-02-22,RELIANCE,Volume Spike,984.85,2.98,3.26,Medium
2012-08-06,RELIANCE,Volume Spike,786.05,5.86,3.16,Medium
2012-08-06,RELIANCE,Return Spike,786.05,5.86,4.19,Medium
2012-09-14,RELIANCE,Return Spike,841.75,5.33,3.44,Medium
2012-09-17,RELIANCE,Volume Spike,873.75,3.8,3.01,Medium
2013-01-21,RELIANCE,Volume Spike,919.95,2.19,3.01,Medium
2013-05-27,RELIANCE,Return Spike,828.3,5.32,3.07,Medium
2013-12-20,RELIANCE,Return Spike,895.15,4.81,3.3,Medium
2014-03-07,RELIANCE,Volume Spike,869.4,5.71,3.1,Medium
2014-03-07,RELIANCE,Return Spike,869.4,5.71,3.83,Medium
2014-05-16,RELIANCE,Volume Spike,1079.25,2.45,3.03,Medium
2015-01-06,RELIANCE,Return Crash,836.1,-4.54,-3.06,Medium
2015-08-24,RELIANCE,Return Crash,829.55,-8.63,-4.26,Medium
2015-08-25,RELIANCE,Volume Spike,848.15,2.24,3.33,Medium
2016-01-13,RELIANCE,Volume Spike,1076.85,3.0,3.65,Medium
2016-01-18,RELIANCE,Return Crash,1016.85,-5.26,-3.2,Medium
2016-04-25,RELIANCE,Volume Spike,1016.9,-2.12,3.66,Medium
2016-04-28,RELIANCE,Volume Spike,996.7,-2.23,3.2,Medium
2017-01-17,RELIANCE,Volume Spike,1041.25,-3.25,3.04,Medium
2017-02-22,RELIANCE,Volume Spike,1207.5,10.96,6.39,High
2017-02-22,RELIANCE,Return Spike,1207.5,10.96,6.09,High
2017-02-27,RELIANCE,Volume Spike,1238.9,4.75,3.35,Medium
2017-06-14,RELIANCE,Volume Spike,1357.5,3.28,3.6,Medium
2017-07-21,RELIANCE,Volume Spike,1585.0,3.67,4.31,Medium
2017-09-06,RELIANCE,Volume Spike,1645.4,0.78,3.13,Medium
2017-09-07,RELIANCE,Return Crash,818.1,-50.28,-7.46,High
2018-01-22,RELIANCE,Return Spike,971.5,4.32,3.41,Medium
2018-01-22,RELIANCE,Volume Spike,971.5,4.32,3.59,Medium
2018-02-02,RELIANCE,Return Crash,904.35,-4.18,-3.2,Medium
2018-02-28,RELIANCE,Volume Spike,954.55,0.43,3.44,Medium
2018-10-04,RELIANCE,Return Crash,1122.25,-6.87,-3.88,Medium
2018-10-05,RELIANCE,Return Crash,1048.85,-6.54,-3.28,Medium
2019-01-18,RELIANCE,Volume Spike,1184.35,4.4,3.3,Medium
2019-08-13,RELIANCE,Return Spike,1274.75,9.69,4.86,High
2019-08-13,RELIANCE,Volume Spike,1274.75,9.69,4.16,Medium
2020-03-09,RELIANCE,Return Crash,1114.15,-12.34,-5.29,High
2020-03-09,RELIANCE,Volume Spike,1114.15,-12.34,3.48,Medium
2020-03-20,RELIANCE,Return Spike,1017.95,10.92,3.65,Medium
2020-03-23,RELIANCE,Return Crash,884.05,-13.15,-3.48,Medium
2020-03-25,RELIANCE,Return Spike,1082.25,14.72,3.64,Medium
2020-09-10,RELIANCE,Volume Spike,2314.0,7.06,3.68,Medium
2020-11-02,RELIANCE,Return Crash,1877.45,-8.62,-4.3,Medium
2020-11-02,RELIANCE,Volume Spike,1877.45,-8.62,3.19,Medium
2017-11-09,SBILIFE,Return Spike,657.95,4.17,3.04,Medium
2017-11-17,SBILIFE,Volume Spike,659.55,1.48,4.56,Medium
2018-02-01,SBILIFE,Return Spike,708.7,7.27,4.05,Medium
2018-02-01,SBILIFE,Volume Spike,708.7,7.27,3.94,Medium
2018-02-02,SBILIFE,Volume Spike,718.3,1.35,3.86,Medium
2018-06-15,SBILIFE,Volume Spike,671.8,-2.62,6.9,High
2018-09-07,SBILIFE,Volume Spike,676.1,-0.43,6.02,High
2018-09-17,SBILIFE,Return Crash,642.65,-4.09,-3.01,Medium
2018-09-17,SBILIFE,Volume Spike,642.65,-4.09,5.76,High
2018-09-28,SBILIFE,Return Crash,511.6,-7.29,-3.68,Medium
2018-12-21,SBILIFE,Volume Spike,597.5,0.85,8.93,High
2018-12-27,SBILIFE,Volume Spike,590.6,2.74,3.39,Medium
2019-02-20,SBILIFE,Volume Spike,561.6,-0.15,3.59,Medium
2019-03-01,SBILIFE,Return Spike,607.9,5.07,3.23,Medium
2019-03-01,SBILIFE,Volume Spike,607.9,5.07,13.95,High
2019-03-11,SBILIFE,Return Spike,622.45,6.01,3.37,Medium
2019-03-29,SBILIFE,Volume Spike,583.4,-5.32,5.22,High
2019-03-29,SBILIFE,Return Crash,583.4,-5.32,-3.08,Medium
2019-06-21,SBILIFE,Volume Spike,699.95,0.21,4.31,Medium
2019-06-25,SBILIFE,Return Crash,674.35,-5.1,-3.13,Medium
2019-06-25,SBILIFE,Volume Spike,674.35,-5.1,3.81,Medium
2019-06-26,SBILIFE,Volume Spike,717.45,6.39,5.15,High
2019-06-26,SBILIFE,Return Spike,717.45,6.39,3.29,Medium
2019-06-27,SBILIFE,Volume Spike,726.95,1.32,3.08,Medium
2019-07-24,SBILIFE,Volume Spike,772.5,-0.44,6.61,High
2019-08-30,SBILIFE,Volume Spike,838.7,0.43,6.5,High
2019-09-12,SBILIFE,Volume Spike,792.85,-0.85,3.4,Medium
2019-10-10,SBILIFE,Volume Spike,827.2,-1.2,3.48,Medium
2019-10-22,SBILIFE,Return Spike,989.15,6.83,3.06,Medium
2019-10-30,SBILIFE,Volume Spike,999.8,-1.43,4.59,Medium
2019-11-08,SBILIFE,Volume Spike,982.2,-0.43,3.11,Medium
2019-11-19,SBILIFE,Volume Spike,936.55,-6.35,11.98,High
2019-11-19,SBILIFE,Return Crash,936.55,-6.35,-3.24,Medium
2019-11-26,SBILIFE,Volume Spike,958.95,0.77,5.75,High
2020-02-01,SBILIFE,Volume Spike,893.1,-10.16,5.61,High
2020-02-01,SBILIFE,Return Crash,893.1,-10.16,-5.3,High
2020-02-03,SBILIFE,Volume Spike,912.65,2.19,4.2,Medium
2020-03-12,SBILIFE,Return Crash,751.7,-7.08,-3.31,Medium
2020-03-18,SBILIFE,Return Crash,596.25,-13.21,-4.58,High
2020-03-23,SBILIFE,Return Crash,539.2,-14.89,-4.16,Medium
2020-04-07,SBILIFE,Return Spike,735.3,13.1,3.3,Medium
2020-05-29,SBILIFE,Volume Spike,768.65,2.75,3.65,Medium
2020-07-21,SBILIFE,Volume Spike,888.35,3.97,3.16,Medium
2020-09-24,SBILIFE,Volume Spike,804.4,-3.43,7.93,High
2021-03-09,SBILIFE,Return Spike,971.3,5.14,3.05,Medium
2021-03-09,SBILIFE,Volume Spike,971.3,5.14,4.58,Medium
2021-03-12,SBILIFE,Volume Spike,914.2,-2.82,8.01,High
2010-04-22,SBIN,Return Spike,2223.1,5.57,3.41,Medium
2010-04-22,SBIN,Volume Spike,2223.1,5.57,4.27,Medium
2010-08-12,SBIN,Volume Spike,2784.4,7.11,3.89,Medium
2010-08-12,SBIN,Return Spike,2784.4,7.11,4.04,Medium
2010-09-13,SBIN,Volume Spike,3148.55,5.51,3.05,Medium
2011-05-17,SBIN,Volume Spike,2414.7,-7.71,3.8,Medium
2011-05-17,SBIN,Return Crash,2414.7,-7.71,-3.63,Medium
2011-06-24,SBIN,Return Spike,2286.1,5.77,3.09,Medium
2011-11-09,SBIN,Volume Spike,1862.05,-6.77,3.08,Medium
2012-02-22,SBIN,Return Crash,2255.0,-8.05,-3.38,Medium
2012-05-18,SBIN,Volume Spike,1940.55,4.99,3.1,Medium
2012-08-10,SBIN,Volume Spike,1887.75,-4.11,3.83,Medium
2012-09-14,SBIN,Return Spike,1971.5,5.56,3.26,Medium
2013-02-28,SBIN,Return Crash,2080.9,-5.99,-4.13,Medium
2013-05-23,SBIN,Volume Spike,2177.6,-7.85,3.17,Medium
2013-05-23,SBIN,Return Crash,2177.6,-7.85,-3.74,Medium
2013-09-05,SBIN,Return Spike,1638.15,9.63,4.47,Medium
2013-09-19,SBIN,Return Spike,1807.75,8.01,3.24,Medium
2014-03-07,SBIN,Return Spike,1649.65,4.58,3.21,Medium
2014-05-16,SBIN,Volume Spike,2417.2,6.05,3.37,Medium
2014-05-23,SBIN,Return Spike,2753.5,9.63,3.84,Medium
2014-05-23,SBIN,Volume Spike,2753.5,9.63,3.18,Medium
2014-11-20,SBIN,Volume Spike,297.1,-89.79,6.22,High
2014-11-20,SBIN,Return Crash,297.1,-89.79,-7.53,High
2014-11-21,SBIN,Volume Spike,305.5,2.83,5.41,High
2014-11-24,SBIN,Volume Spike,308.85,1.1,3.93,Medium
2014-11-25,SBIN,Volume Spike,304.45,-1.42,4.41,Medium
2014-11-28,SBIN,Volume Spike,321.4,5.08,3.26,Medium
2015-02-13,SBIN,Volume Spike,306.95,7.97,3.37,Medium
2015-05-22,SBIN,Volume Spike,282.45,-2.69,4.37,Medium
2015-08-24,SBIN,Return Crash,245.4,-8.26,-3.44,Medium
2016-01-15,SBIN,Return Crash,184.3,-5.99,-3.24,Medium
2016-02-15,SBIN,Return Spike,167.85,8.43,3.86,Medium
2016-03-02,SBIN,Return Spike,181.15,11.79,4.0,Medium
2016-05-27,SBIN,Volume Spike,195.9,6.38,3.8,Medium
2016-08-12,SBIN,Volume Spike,243.3,7.11,4.22,Medium
2016-11-10,SBIN,Volume Spike,281.3,8.19,3.39,Medium
2016-11-10,SBIN,Return Spike,281.3,8.19,3.62,Medium
2016-11-11,SBIN,Volume Spike,273.0,-2.95,3.38,Medium
2016-11-21,SBIN,Return Crash,257.35,-6.69,-3.15,Medium
2017-05-19,SBIN,Volume Spike,308.0,1.67,3.31,Medium
2017-05-22,SBIN,Return Crash,294.3,-4.45,-3.33,Medium
2017-07-31,SBIN,Volume Spike,312.5,4.48,3.41,Medium
2017-07-31,SBIN,Return Spike,312.5,4.48,3.12,Medium
2017-08-11,SBIN,Volume Spike,280.15,-5.58,4.0,Medium
2017-08-11,SBIN,Return Crash,280.15,-5.58,-3.34,Medium
2017-10-25,SBIN,Volume Spike,324.9,27.69,10.38,High
2017-10-25,SBIN,Return Spike,324.9,27.69,7.01,High
2017-10-26,SBIN,Volume Spike,320.5,-1.35,3.71,Medium
2018-05-22,SBIN,Volume Spike,253.9,3.87,3.67,Medium
2018-05-23,SBIN,Volume Spike,263.2,3.66,3.27,Medium
2018-07-26,SBIN,Return Spike,287.7,5.83,3.11,Medium
2018-07-26,SBIN,Volume Spike,287.7,5.83,3.48,Medium
2018-08-10,SBIN,Volume Spike,304.45,-4.08,3.96,Medium
2018-10-29,SBIN,Return Spike,267.9,7.98,3.24,Medium
2019-02-01,SBIN,Volume Spike,284.4,-3.15,3.53,Medium
2019-05-10,SBIN,Volume Spike,308.05,2.92,3.18,Medium
2019-05-20,SBIN,Return Spike,344.7,7.97,4.39,Medium
2019-09-20,SBIN,Return Spike,301.7,10.09,4.25,Medium
2020-03-12,SBIN,Return Crash,212.6,-13.26,-4.46,Medium
2020-03-13,SBIN,Return Spike,242.0,13.83,4.22,Medium
2020-03-23,SBIN,Return Crash,181.6,-13.46,-3.19,Medium
2021-02-01,SBIN,Return Spike,310.7,10.14,3.57,Medium
2021-02-05,SBIN,Return Spike,393.1,10.7,3.27,Medium
2021-02-05,SBIN,Volume Spike,393.1,10.7,3.37,Medium
2010-02-10,SHREECEM,Volume Spike,1963.4,-1.1,7.01,High
2010-03-26,SHREECEM,Volume Spike,2271.45,0.07,4.65,Medium
2010-03-31,SHREECEM,Volume Spike,2361.85,2.77,8.69,High
2010-04-30,SHREECEM,Volume Spike,2170.3,-3.07,3.89,Medium
2010-05-20,SHREECEM,Volume Spike,2145.75,4.67,4.87,Medium
2010-05-21,SHREECEM,Return Crash,1997.35,-6.92,-3.57,Medium
2010-05-21,SHREECEM,Volume Spike,1997.35,-6.92,3.72,Medium
2010-07-19,SHREECEM,Volume Spike,1887.05,-2.72,6.19,High
2010-07-20,SHREECEM,Volume Spike,1857.4,-1.57,7.77,High
2010-08-17,SHREECEM,Volume Spike,1820.4,0.65,3.86,Medium
2010-09-07,SHREECEM,Volume Spike,2026.7,3.63,3.27,Medium
2010-09-27,SHREECEM,Volume Spike,2058.4,0.91,3.96,Medium
2010-11-11,SHREECEM,Volume Spike,2242.6,0.68,5.36,High
2010-11-24,SHREECEM,Volume Spike,2060.0,-1.68,6.73,High
2011-01-04,SHREECEM,Volume Spike,2018.75,-0.31,3.27,Medium
2011-01-12,SHREECEM,Volume Spike,1856.6,-0.89,6.53,High
2011-01-13,SHREECEM,Volume Spike,1830.35,-1.41,5.26,High
2011-01-14,SHREECEM,Volume Spike,1813.95,-0.9,3.21,Medium
2011-03-07,SHREECEM,Volume Spike,1723.6,0.39,5.6,High
2011-03-29,SHREECEM,Volume Spike,1947.8,4.06,4.82,Medium
2011-03-30,SHREECEM,Volume Spike,2015.4,3.47,3.14,Medium
2011-03-31,SHREECEM,Volume Spike,2070.05,2.71,3.23,Medium
2011-05-18,SHREECEM,Volume Spike,1791.1,-0.6,4.64,Medium
2011-05-30,SHREECEM,Volume Spike,1832.3,-1.59,3.85,Medium
2011-06-02,SHREECEM,Volume Spike,1795.55,-0.43,4.09,Medium
2011-06-14,SHREECEM,Volume Spike,1736.6,0.07,7.85,High
2011-06-16,SHREECEM,Volume Spike,1715.3,-0.69,3.9,Medium
2011-06-24,SHREECEM,Volume Spike,1685.15,0.99,8.88,High
2011-06-29,SHREECEM,Volume Spike,1785.1,7.19,4.49,Medium
2011-06-29,SHREECEM,Return Spike,1785.1,7.19,4.71,High
2011-07-13,SHREECEM,Volume Spike,1799.9,3.13,4.77,Medium
2011-08-04,SHREECEM,Volume Spike,1703.8,-1.56,6.05,High
2011-08-09,SHREECEM,Volume Spike,1723.4,1.16,3.95,Medium
2011-08-16,SHREECEM,Return Crash,1630.65,-5.26,-3.1,Medium
2011-08-25,SHREECEM,Volume Spike,1653.0,-1.28,4.36,Medium
2011-09-06,SHREECEM,Volume Spike,1668.0,0.99,4.55,Medium
2011-09-16,SHREECEM,Volume Spike,1693.35,-0.81,3.2,Medium
2011-10-07,SHREECEM,Volume Spike,1763.5,-4.08,4.0,Medium
2011-10-25,SHREECEM,Volume Spike,1871.4,-1.51,3.3,Medium
2011-12-14,SHREECEM,Volume Spike,2034.8,0.7,11.64,High
2011-12-15,SHREECEM,Volume Spike,2030.3,-0.22,3.44,Medium
2011-12-22,SHREECEM,Return Spike,2096.8,6.23,3.44,Medium
2011-12-30,SHREECEM,Volume Spike,2110.25,0.12,3.45,Medium
2012-02-01,SHREECEM,Volume Spike,2268.25,0.28,3.26,Medium
2012-02-08,SHREECEM,Volume Spike,2413.0,1.72,5.05,High
2012-02-09,SHREECEM,Volume Spike,2379.2,-1.4,3.89,Medium
2012-03-02,SHREECEM,Volume Spike,2799.75,-2.92,4.39,Medium
2012-03-05,SHREECEM,Volume Spike,2794.75,0.06,3.95,Medium
2012-03-29,SHREECEM,Volume Spike,3059.85,-0.49,6.22,High
2012-05-31,SHREECEM,Volume Spike,2407.2,-2.66,7.09,High
2012-06-06,SHREECEM,Volume Spike,2471.35,4.81,4.38,Medium
2012-06-22,SHREECEM,Volume Spike,2905.35,6.63,3.83,Medium
2012-06-22,SHREECEM,Return Spike,2905.35,6.63,3.29,Medium
2012-07-04,SHREECEM,Volume Spike,3067.4,-0.87,3.03,Medium
2012-08-23,SHREECEM,Volume Spike,3372.15,3.51,7.22,High
2012-08-24,SHREECEM,Volume Spike,3394.25,0.66,4.02,Medium
2012-08-28,SHREECEM,Volume Spike,3501.15,-0.23,3.36,Medium
2012-09-28,SHREECEM,Volume Spike,3890.65,3.19,3.03,Medium
2012-10-01,SHREECEM,Volume Spike,4065.45,4.49,5.61,High
2012-10-05,SHREECEM,Return Crash,3873.95,-4.94,-3.28,Medium
2012-10-08,SHREECEM,Volume Spike,3840.15,-0.87,5.62,High
2012-10-16,SHREECEM,Volume Spike,4057.85,-0.52,3.75,Medium
2012-12-07,SHREECEM,Volume Spike,4299.5,-0.11,5.38,High
2013-01-21,SHREECEM,Volume Spike,4478.85,-1.29,3.96,Medium
2013-01-22,SHREECEM,Volume Spike,4465.1,-0.31,4.45,Medium
2013-02-13,SHREECEM,Volume Spike,4524.0,2.22,3.53,Medium
2013-02-14,SHREECEM,Volume Spike,4498.45,-0.56,3.18,Medium
2013-02-15,SHREECEM,Volume Spike,4420.15,-1.74,3.38,Medium
2013-03-22,SHREECEM,Volume Spike,4012.45,-2.14,4.03,Medium
2013-04-09,SHREECEM,Volume Spike,4019.1,0.48,5.01,High
2013-05-02,SHREECEM,Volume Spike,4634.9,2.96,3.91,Medium
2013-07-09,SHREECEM,Volume Spike,4560.7,-0.01,4.42,Medium
2013-07-10,SHREECEM,Volume Spike,4553.85,-0.15,3.18,Medium
2013-08-07,SHREECEM,Volume Spike,3859.0,-4.45,3.54,Medium
2013-08-08,SHREECEM,Volume Spike,3823.65,-0.92,6.83,High
2013-08-13,SHREECEM,Volume Spike,3946.55,0.63,3.04,Medium
2013-08-28,SHREECEM,Volume Spike,3486.6,-3.15,3.34,Medium
2013-09-12,SHREECEM,Volume Spike,3887.3,-2.37,4.61,Medium
2013-10-24,SHREECEM,Volume Spike,4457.4,-0.74,3.47,Medium
2013-10-28,SHREECEM,Volume Spike,4436.75,0.14,3.04,Medium
2013-11-01,SHREECEM,Volume Spike,4400.3,-0.79,3.36,Medium
2013-12-12,SHREECEM,Volume Spike,4301.3,-0.49,3.06,Medium
2013-12-17,SHREECEM,Volume Spike,4326.7,0.62,3.93,Medium
2013-12-18,SHREECEM,Volume Spike,4400.95,1.72,3.19,Medium
2013-12-26,SHREECEM,Volume Spike,4401.5,0.35,3.67,Medium
2014-01-06,SHREECEM,Volume Spike,4459.85,1.24,6.17,High
2014-01-08,SHREECEM,Volume Spike,4509.95,2.62,5.78,High
2014-02-17,SHREECEM,Volume Spike,4281.75,0.45,3.49,Medium
2014-02-18,SHREECEM,Volume Spike,4282.65,0.02,4.04,Medium
2014-02-21,SHREECEM,Return Spike,4548.35,4.0,3.28,Medium
2014-02-24,SHREECEM,Return Spike,4786.75,5.24,3.71,Medium
2014-03-04,SHREECEM,Volume Spike,4772.25,1.09,4.14,Medium
2014-03-06,SHREECEM,Volume Spike,4999.05,3.7,3.79,Medium
2014-04-11,SHREECEM,Volume Spike,5849.35,4.21,3.12,Medium
2014-05-26,SHREECEM,Volume Spike,6841.5,4.78,3.69,Medium
2014-05-27,SHREECEM,Volume Spike,6853.6,0.18,3.91,Medium
2014-06-09,SHREECEM,Volume Spike,7745.75,1.76,3.36,Medium
2014-07-17,SHREECEM,Volume Spike,7351.45,2.02,3.62,Medium
2014-08-20,SHREECEM,Volume Spike,7911.35,2.67,5.91,High
2014-09-03,SHREECEM,Return Spike,8292.8,4.61,3.01,Medium
2014-09-08,SHREECEM,Volume Spike,8473.45,0.17,3.85,Medium
2014-09-15,SHREECEM,Volume Spike,8650.1,-1.06,4.37,Medium
2014-10-14,SHREECEM,Volume Spike,8432.1,2.03,4.41,Medium
2014-10-31,SHREECEM,Return Spike,9089.6,5.0,3.21,Medium
2015-01-15,SHREECEM,Volume Spike,9974.0,7.68,3.42,Medium
2015-01-15,SHREECEM,Return Spike,9974.0,7.68,4.52,High
2015-01-23,SHREECEM,Volume Spike,11029.95,1.15,3.39,Medium
2015-02-03,SHREECEM,Volume Spike,10848.3,-0.45,4.36,Medium
2015-02-18,SHREECEM,Volume Spike,10898.95,-1.48,3.41,Medium
2015-03-02,SHREECEM,Return Spike,11448.55,8.74,4.04,Medium
2015-03-11,SHREECEM,Volume Spike,10659.25,-3.25,4.94,Medium
2015-04-15,SHREECEM,Volume Spike,10533.7,0.92,3.26,Medium
2015-05-13,SHREECEM,Volume Spike,11088.15,10.07,6.35,High
2015-05-13,SHREECEM,Return Spike,11088.15,10.07,4.14,Medium
2015-05-29,SHREECEM,Volume Spike,11336.2,3.97,9.54,High
2015-07-15,SHREECEM,Volume Spike,11244.9,1.4,3.44,Medium
2015-09-10,SHREECEM,Return Spike,11235.8,5.81,3.06,Medium
2015-12-24,SHREECEM,Volume Spike,10926.2,0.23,4.13,Medium
2016-01-21,SHREECEM,Volume Spike,9525.3,-1.97,3.29,Medium
2016-02-18,SHREECEM,Return Spike,10894.0,8.14,3.66,Medium
2016-03-08,SHREECEM,Volume Spike,11357.05,2.72,3.17,Medium
2016-03-18,SHREECEM,Volume Spike,12262.8,5.27,4.09,Medium
2016-07-01,SHREECEM,Volume Spike,14867.7,2.21,3.69,Medium
2016-07-04,SHREECEM,Volume Spike,14656.0,-1.42,4.91,Medium
2016-08-31,SHREECEM,Volume Spike,17174.8,0.68,3.09,Medium
2016-10-17,SHREECEM,Volume Spike,17454.8,1.99,3.01,Medium
2016-11-07,SHREECEM,Volume Spike,16400.9,-2.53,3.48,Medium
2016-11-15,SHREECEM,Return Crash,14267.45,-6.56,-3.26,Medium
2017-01-04,SHREECEM,Volume Spike,14122.6,-0.04,5.08,High
2017-02-07,SHREECEM,Volume Spike,15943.8,-0.3,4.0,Medium
2017-03-29,SHREECEM,Volume Spike,16814.15,1.01,3.07,Medium
2017-04-24,SHREECEM,Return Spike,18603.15,5.72,3.5,Medium
2017-05-17,SHREECEM,Return Crash,18869.95,-5.39,-3.71,Medium
2017-07-31,SHREECEM,Return Spike,18601.7,6.32,3.59,Medium
2017-07-31,SHREECEM,Volume Spike,18601.7,6.32,4.07,Medium
2017-09-12,SHREECEM,Volume Spike,18940.7,0.76,4.28,Medium
2017-10-23,SHREECEM,Return Spike,19247.2,5.68,3.36,Medium
2017-11-20,SHREECEM,Volume Spike,17503.15,-4.25,3.18,Medium
2017-12-13,SHREECEM,Volume Spike,17716.0,3.05,6.22,High
2018-01-05,SHREECEM,Return Spike,18964.5,5.49,3.31,Medium
2018-01-12,SHREECEM,Volume Spike,18872.3,-3.4,3.17,Medium
2018-03-21,SHREECEM,Volume Spike,16117.55,-1.86,3.18,Medium
2018-07-24,SHREECEM,Return Spike,17764.5,5.32,3.02,Medium
2018-07-30,SHREECEM,Volume Spike,17177.4,0.53,3.75,Medium
2018-11-01,SHREECEM,Volume Spike,13984.1,0.48,5.17,High
2019-01-22,SHREECEM,Volume Spike,15917.55,1.52,3.77,Medium
2019-08-13,SHREECEM,Volume Spike,19698.75,-2.82,3.35,Medium
2019-09-20,SHREECEM,Return Spike,19250.1,7.38,4.25,Medium
2019-09-20,SHREECEM,Volume Spike,19250.1,7.38,3.47,Medium
2019-10-22,SHREECEM,Volume Spike,19515.6,4.47,3.51,Medium
2019-11-26,SHREECEM,Volume Spike,21039.85,2.24,3.39,Medium
2020-01-07,SHREECEM,Volume Spike,21963.15,4.27,4.13,Medium
2020-01-08,SHREECEM,Volume Spike,22441.3,2.18,3.07,Medium
2020-02-04,SHREECEM,Return Spike,24485.4,5.23,3.11,Medium
2020-02-19,SHREECEM,Volume Spike,24533.25,3.18,4.7,Medium
2020-03-12,SHREECEM,Return Crash,20273.5,-7.41,-3.45,Medium
2020-03-18,SHREECEM,Volume Spike,19293.95,-3.56,5.58,High
2020-03-19,SHREECEM,Return Crash,17731.45,-8.1,-3.04,Medium
2020-03-23,SHREECEM,Return Crash,16959.4,-10.29,-3.29,Medium
2020-10-27,SHREECEM,Return Spike,21734.35,6.41,3.29,Medium
2021-02-01,SHREECEM,Return Spike,24543.6,7.77,3.9,Medium
2021-02-02,SHREECEM,Return Spike,26432.55,7.7,3.42,Medium
2010-04-22,SUNPHARMA,Volume Spike,1709.05,-2.15,3.38,Medium
2010-04-26,SUNPHARMA,Volume Spike,1603.15,-4.81,4.11,Medium
2010-09-08,SUNPHARMA,Volume Spike,1753.85,1.81,6.07,High
2010-11-25,SUNPHARMA,Volume Spike,454.0,-80.03,5.23,High
2010-11-25,SUNPHARMA,Return Crash,454.0,-80.03,-7.55,High
2010-11-26,SUNPHARMA,Volume Spike,446.25,-1.71,3.21,Medium
2010-11-30,SUNPHARMA,Volume Spike,447.55,-0.5,3.2,Medium
2010-12-21,SUNPHARMA,Volume Spike,428.15,-3.41,3.15,Medium
2011-07-28,SUNPHARMA,Volume Spike,519.45,0.51,3.2,Medium
2011-08-05,SUNPHARMA,Volume Spike,499.0,-0.41,3.12,Medium
2011-08-30,SUNPHARMA,Return Spike,491.6,5.46,3.65,Medium
2012-03-16,SUNPHARMA,Return Crash,545.75,-6.94,-4.77,High
2012-03-16,SUNPHARMA,Volume Spike,545.75,-6.94,4.42,Medium
2012-10-08,SUNPHARMA,Return Spike,708.65,3.82,3.13,Medium
2013-02-05,SUNPHARMA,Return Spike,749.5,4.14,3.03,Medium
2013-04-02,SUNPHARMA,Return Spike,851.3,4.76,3.39,Medium
2013-05-29,SUNPHARMA,Return Spike,1065.75,6.98,3.54,Medium
2013-05-29,SUNPHARMA,Volume Spike,1065.75,6.98,3.47,Medium
2013-07-29,SUNPHARMA,Return Crash,569.25,-49.05,-7.24,High
2014-03-13,SUNPHARMA,Volume Spike,572.95,-5.19,3.55,Medium
2014-03-13,SUNPHARMA,Return Crash,572.95,-5.19,-3.24,Medium
2014-04-07,SUNPHARMA,Volume Spike,588.1,2.85,3.03,Medium
2014-04-09,SUNPHARMA,Volume Spike,630.0,7.12,3.49,Medium
2014-04-09,SUNPHARMA,Return Spike,630.0,7.12,3.69,Medium
2014-05-30,SUNPHARMA,Volume Spike,610.65,4.1,3.64,Medium
2014-09-12,SUNPHARMA,Volume Spike,806.1,-1.97,3.65,Medium
2014-09-26,SUNPHARMA,Volume Spike,806.6,4.18,3.28,Medium
2015-01-22,SUNPHARMA,Volume Spike,920.05,3.85,3.2,Medium
2015-03-04,SUNPHARMA,Volume Spike,1006.3,6.71,3.68,Medium
2015-03-04,SUNPHARMA,Return Spike,1006.3,6.71,3.73,Medium
2015-04-06,SUNPHARMA,Return Spike,1169.3,8.15,3.45,Medium
2015-04-21,SUNPHARMA,Return Crash,952.2,-8.78,-3.36,Medium
2015-04-21,SUNPHARMA,Volume Spike,952.2,-8.78,16.52,High
2015-06-01,SUNPHARMA,Volume Spike,877.65,-9.16,3.25,Medium
2015-06-01,SUNPHARMA,Return Crash,877.65,-9.16,-3.22,Medium
2015-07-21,SUNPHARMA,Return Crash,805.25,-15.06,-5.51,High
2015-07-21,SUNPHARMA,Volume Spike,805.25,-15.06,7.84,High
2015-08-31,SUNPHARMA,Volume Spike,898.95,1.41,3.05,Medium
2015-11-09,SUNPHARMA,Volume Spike,756.95,-5.78,3.21,Medium
2015-12-04,SUNPHARMA,Volume Spike,755.4,3.92,4.08,Medium
2016-05-27,SUNPHARMA,Return Spike,824.95,5.85,4.02,Medium
2016-05-31,SUNPHARMA,Return Crash,762.75,-6.08,-3.56,Medium
2016-05-31,SUNPHARMA,Volume Spike,762.75,-6.08,4.97,Medium
2016-11-04,SUNPHARMA,Return Crash,651.5,-7.41,-4.49,Medium
2016-11-04,SUNPHARMA,Volume Spike,651.5,-7.41,6.45,High
2016-11-09,SUNPHARMA,Volume Spike,660.75,3.99,3.63,Medium
2017-02-15,SUNPHARMA,Volume Spike,623.05,-4.04,3.01,Medium
2017-05-23,SUNPHARMA,Return Crash,614.1,-4.07,-3.03,Medium
2017-05-23,SUNPHARMA,Volume Spike,614.1,-4.07,4.4,Medium
2017-05-26,SUNPHARMA,Volume Spike,567.65,-4.04,3.16,Medium
2017-05-29,SUNPHARMA,Volume Spike,502.6,-11.46,7.76,High
2017-05-29,SUNPHARMA,Return Crash,502.6,-11.46,-5.44,High
2017-08-09,SUNPHARMA,Volume Spike,474.35,-5.2,3.05,Medium
2017-08-14,SUNPHARMA,Volume Spike,471.8,4.84,4.09,Medium
2017-12-27,SUNPHARMA,Volume Spike,576.3,6.47,5.25,High
2017-12-27,SUNPHARMA,Return Spike,576.3,6.47,3.33,Medium
2018-02-08,SUNPHARMA,Return Spike,584.1,6.3,3.24,Medium
2018-02-21,SUNPHARMA,Volume Spike,525.75,-6.03,3.0,Medium
2018-02-21,SUNPHARMA,Return Crash,525.75,-6.03,-3.09,Medium
2018-02-23,SUNPHARMA,Volume Spike,569.65,5.21,3.48,Medium
2018-05-28,SUNPHARMA,Return Spike,499.7,7.13,3.55,Medium
2018-06-08,SUNPHARMA,Volume Spike,528.25,8.08,3.9,Medium
2018-06-08,SUNPHARMA,Return Spike,528.25,8.08,3.54,Medium
2018-08-14,SUNPHARMA,Volume Spike,601.8,6.72,5.25,High
2018-08-16,SUNPHARMA,Volume Spike,619.7,2.97,4.39,Medium
2018-11-14,SUNPHARMA,Return Crash,520.1,-7.41,-3.06,Medium
2018-11-14,SUNPHARMA,Volume Spike,520.1,-7.41,4.8,Medium
2018-11-27,SUNPHARMA,Volume Spike,493.85,-3.31,5.39,High
2018-12-03,SUNPHARMA,Volume Spike,455.4,-7.55,5.63,High
2018-12-05,SUNPHARMA,Volume Spike,412.95,-6.76,3.28,Medium
2018-12-06,SUNPHARMA,Volume Spike,420.15,1.74,3.2,Medium
2019-01-18,SUNPHARMA,Volume Spike,390.75,-8.39,7.25,High
2019-01-21,SUNPHARMA,Volume Spike,398.3,1.93,3.62,Medium
2019-05-13,SUNPHARMA,Volume Spike,398.1,-9.06,5.01,High
2019-05-13,SUNPHARMA,Return Crash,398.1,-9.06,-4.76,High
2019-05-14,SUNPHARMA,Volume Spike,419.45,5.36,3.39,Medium
2019-05-16,SUNPHARMA,Volume Spike,412.4,0.65,3.7,Medium
2019-05-29,SUNPHARMA,Volume Spike,423.8,2.68,3.21,Medium
2019-09-04,SUNPHARMA,Volume Spike,426.45,-2.94,3.76,Medium
2019-11-06,SUNPHARMA,Volume Spike,427.9,-0.47,3.4,Medium
2019-11-20,SUNPHARMA,Volume Spike,450.0,5.66,3.21,Medium
2020-03-03,SUNPHARMA,Return Spike,393.55,6.51,3.96,Medium
2020-03-04,SUNPHARMA,Volume Spike,405.45,3.02,3.27,Medium
2020-03-12,SUNPHARMA,Return Crash,354.8,-8.07,-3.87,Medium
2020-03-13,SUNPHARMA,Return Spike,384.2,8.29,3.74,Medium
2020-03-23,SUNPHARMA,Return Crash,324.5,-11.16,-3.95,Medium
2020-04-03,SUNPHARMA,Return Spike,375.95,9.43,3.03,Medium
2020-04-07,SUNPHARMA,Return Spike,417.35,11.01,3.16,Medium
2020-07-31,SUNPHARMA,Volume Spike,531.7,4.27,3.82,Medium
2020-08-31,SUNPHARMA,Return Crash,520.25,-6.39,-3.25,Medium
2020-11-04,SUNPHARMA,Volume Spike,504.65,3.92,4.75,Medium
2010-04-09,TATACONSUM,Volume Spike,1001.3,2.86,3.61,Medium
2010-04-12,TATACONSUM,Volume Spike,1020.15,1.88,3.32,Medium
2010-05-14,TATACONSUM,Volume Spike,1070.5,3.0,9.24,High
2010-05-17,TATACONSUM,Volume Spike,1105.9,3.31,3.52,Medium
2010-05-28,TATACONSUM,Return Spike,1059.5,5.15,3.02,Medium
2010-06-21,TATACONSUM,Volume Spike,1183.9,4.59,3.64,Medium
2010-06-30,TATACONSUM,Return Crash,121.55,-89.82,-7.53,High
2010-06-30,TATACONSUM,Volume Spike,121.55,-89.82,9.78,High
2010-07-01,TATACONSUM,Volume Spike,121.1,-0.37,3.4,Medium
2010-08-23,TATACONSUM,Volume Spike,116.7,4.66,3.59,Medium
2010-10-07,TATACONSUM,Volume Spike,133.4,3.17,4.48,Medium
2010-11-25,TATACONSUM,Return Crash,109.95,-5.86,-3.24,Medium
2011-01-28,TATACONSUM,Return Crash,99.8,-6.16,-3.17,Medium
2011-02-17,TATACONSUM,Return Spike,101.65,7.62,3.56,Medium
2011-02-24,TATACONSUM,Return Crash,87.4,-8.29,-3.19,Medium
2011-03-09,TATACONSUM,Volume Spike,96.35,2.94,3.58,Medium
2011-03-11,TATACONSUM,Volume Spike,101.3,5.08,7.13,High
2011-05-25,TATACONSUM,Volume Spike,88.2,-4.29,4.53,Medium
2011-06-02,TATACONSUM,Volume Spike,94.0,2.62,3.76,Medium
2011-06-08,TATACONSUM,Volume Spike,98.2,4.25,4.54,Medium
2011-07-04,TATACONSUM,Volume Spike,104.35,6.75,3.93,Medium
2011-07-04,TATACONSUM,Return Spike,104.35,6.75,3.02,Medium
2011-08-04,TATACONSUM,Volume Spike,111.0,3.11,5.71,High
2012-01-16,TATACONSUM,Volume Spike,98.5,4.62,3.32,Medium
2012-01-17,TATACONSUM,Volume Spike,97.2,-1.32,3.16,Medium
2012-01-25,TATACONSUM,Volume Spike,95.25,2.09,3.09,Medium
2012-01-31,TATACONSUM,Volume Spike,107.75,10.06,7.22,High
2012-01-31,TATACONSUM,Return Spike,107.75,10.06,4.15,Medium
2012-02-01,TATACONSUM,Volume Spike,109.15,1.3,3.68,Medium
2012-02-03,TATACONSUM,Return Spike,119.75,8.86,3.23,Medium
2012-07-24,TATACONSUM,Return Spike,123.4,6.7,3.05,Medium
2012-09-28,TATACONSUM,Volume Spike,142.85,8.51,4.58,Medium
2012-09-28,TATACONSUM,Return Spike,142.85,8.51,3.96,Medium
2012-10-03,TATACONSUM,Volume Spike,155.4,6.69,3.75,Medium
2013-05-30,TATACONSUM,Volume Spike,148.0,3.5,3.64,Medium
2013-06-27,TATACONSUM,Volume Spike,129.3,-3.11,3.07,Medium
2013-08-01,TATACONSUM,Return Crash,147.05,-7.92,-3.53,Medium
2013-11-13,TATACONSUM,Volume Spike,144.3,-6.63,4.25,Medium
2013-11-13,TATACONSUM,Return Crash,144.3,-6.63,-3.27,Medium
2013-12-26,TATACONSUM,Volume Spike,161.05,2.42,4.05,Medium
2014-03-28,TATACONSUM,Return Spike,148.0,4.37,3.32,Medium
2014-04-17,TATACONSUM,Return Spike,157.45,4.62,3.04,Medium
2014-06-06,TATACONSUM,Return Spike,171.1,11.07,5.05,High
2014-06-06,TATACONSUM,Volume Spike,171.1,11.07,4.37,Medium
2014-09-04,TATACONSUM,Volume Spike,162.2,5.15,3.0,Medium
2015-04-10,TATACONSUM,Return Spike,161.2,6.02,3.55,Medium
2015-04-10,TATACONSUM,Volume Spike,161.2,6.02,3.73,Medium
2015-08-24,TATACONSUM,Return Crash,114.85,-11.92,-5.03,High
2015-08-27,TATACONSUM,Volume Spike,116.35,-0.81,3.19,Medium
2016-02-11,TATACONSUM,Return Crash,105.25,-11.07,-4.31,Medium
2016-02-11,TATACONSUM,Volume Spike,105.25,-11.07,3.98,Medium
2016-02-25,TATACONSUM,Volume Spike,106.2,-0.47,5.29,High
2016-06-08,TATACONSUM,Return Spike,124.4,4.23,3.49,Medium
2016-06-13,TATACONSUM,Volume Spike,128.15,3.64,3.29,Medium
2016-07-27,TATACONSUM,Return Spike,137.45,4.8,3.19,Medium
2016-08-09,TATACONSUM,Volume Spike,143.25,0.24,3.58,Medium
2016-09-29,TATACONSUM,Return Crash,137.0,-6.64,-3.81,Medium
2016-10-05,TATACONSUM,Return Spike,153.3,8.11,3.82,Medium
2016-10-05,TATACONSUM,Volume Spike,153.3,8.11,3.53,Medium
2017-01-13,TATACONSUM,Volume Spike,128.35,2.56,3.85,Medium
2017-02-02,TATACONSUM,Volume Spike,137.65,5.8,4.85,Medium
2017-03-23,TATACONSUM,Volume Spike,151.6,5.94,3.01,Medium
2017-03-23,TATACONSUM,Return Spike,151.6,5.94,3.1,Medium
2017-05-02,TATACONSUM,Volume Spike,157.7,3.0,3.62,Medium
2017-07-03,TATACONSUM,Volume Spike,151.6,0.63,3.54,Medium
2017-07-10,TATACONSUM,Return Spike,166.55,5.58,3.19,Medium
2017-07-11,TATACONSUM,Volume Spike,169.5,1.77,3.25,Medium
2017-08-14,TATACONSUM,Return Spike,178.75,8.86,3.81,Medium
2017-08-16,TATACONSUM,Volume Spike,193.85,8.45,6.54,High
2017-08-16,TATACONSUM,Return Spike,193.85,8.45,3.23,Medium
2017-10-30,TATACONSUM,Volume Spike,226.8,2.86,3.56,Medium
2018-01-12,TATACONSUM,Volume Spike,325.75,3.97,3.48,Medium
2018-04-02,TATACONSUM,Return Spike,276.95,7.03,3.51,Medium
2018-05-14,TATACONSUM,Volume Spike,255.9,-10.99,4.92,Medium
2018-05-14,TATACONSUM,Return Crash,255.9,-10.99,-4.81,High
2018-08-01,TATACONSUM,Volume Spike,235.65,-4.56,4.14,Medium
2018-10-31,TATACONSUM,Volume Spike,217.85,-4.16,3.79,Medium
2018-12-21,TATACONSUM,Volume Spike,215.4,2.47,3.1,Medium
2018-12-27,TATACONSUM,Volume Spike,220.05,0.69,3.87,Medium
2019-02-05,TATACONSUM,Return Crash,185.95,-6.96,-3.72,Medium
2019-02-05,TATACONSUM,Volume Spike,185.95,-6.96,5.58,High
2019-03-14,TATACONSUM,Volume Spike,206.2,1.65,3.53,Medium
2019-04-24,TATACONSUM,Volume Spike,208.9,-0.33,3.81,Medium
2019-05-16,TATACONSUM,Volume Spike,220.8,10.82,7.1,High
2019-05-16,TATACONSUM,Return Spike,220.8,10.82,5.29,High
2019-05-17,TATACONSUM,Volume Spike,235.4,6.61,3.89,Medium
2019-08-28,TATACONSUM,Volume Spike,280.05,5.12,3.6,Medium
2019-09-23,TATACONSUM,Volume Spike,273.65,2.36,3.24,Medium
2019-10-31,TATACONSUM,Return Spike,317.0,8.65,4.01,Medium
2019-10-31,TATACONSUM,Volume Spike,317.0,8.65,6.97,High
2020-01-10,TATACONSUM,Volume Spike,341.35,3.9,3.02,Medium
2020-01-14,TATACONSUM,Return Spike,389.6,10.38,4.1,Medium
2020-01-14,TATACONSUM,Volume Spike,389.6,10.38,7.99,High
2020-01-15,TATACONSUM,Volume Spike,391.45,0.47,3.64,Medium
2020-03-23,TATACONSUM,Return Crash,226.5,-14.27,-3.78,Medium
2020-05-29,TATACONSUM,Volume Spike,366.9,-1.15,8.37,High
2020-08-05,TATACONSUM,Volume Spike,447.6,-0.48,5.05,High
2020-08-06,TATACONSUM,Return Spike,484.75,8.3,3.99,Medium
2020-08-06,TATACONSUM,Volume Spike,484.75,8.3,3.42,Medium
2020-08-07,TATACONSUM,Volume Spike,518.6,6.98,5.11,High
2020-08-07,TATACONSUM,Return Spike,518.6,6.98,3.01,Medium
2020-11-27,TATACONSUM,Volume Spike,538.0,3.49,3.97,Medium
2021-03-30,TATACONSUM,Volume Spike,628.9,0.1,5.13,High
2010-03-02,TATAMOTORS,Return Spike,798.05,12.21,4.02,Medium
2010-03-02,TATAMOTORS,Volume Spike,798.05,12.21,3.08,Medium
2010-08-10,TATAMOTORS,Volume Spike,957.3,4.12,4.48,Medium
2010-08-11,TATAMOTORS,Volume Spike,1006.7,5.16,3.83,Medium
2011-05-27,TATAMOTORS,Volume Spike,1088.85,-6.33,3.33,Medium
2011-08-08,TATAMOTORS,Return Crash,827.7,-6.96,-3.01,Medium
2011-09-12,TATAMOTORS,Return Crash,146.35,-80.87,-7.39,High
2011-09-13,TATAMOTORS,Volume Spike,139.6,-4.61,3.66,Medium
2011-09-16,TATAMOTORS,Volume Spike,161.85,7.04,4.9,Medium
2012-05-16,TATAMOTORS,Return Crash,269.0,-7.35,-3.37,Medium
2012-05-30,TATAMOTORS,Return Crash,243.05,-11.86,-4.41,Medium
2012-05-30,TATAMOTORS,Volume Spike,243.05,-11.86,3.43,Medium
2012-11-30,TATAMOTORS,Volume Spike,273.45,-1.8,5.67,High
2013-01-24,TATAMOTORS,Return Crash,293.45,-6.26,-3.06,Medium
2013-01-24,TATAMOTORS,Volume Spike,293.45,-6.26,4.05,Medium
2013-08-14,TATAMOTORS,Return Spike,319.1,9.71,4.04,Medium
2013-09-10,TATAMOTORS,Return Spike,349.6,10.01,3.38,Medium
2014-08-12,TATAMOTORS,Return Spike,474.0,6.15,3.03,Medium
2015-08-24,TATAMOTORS,Return Crash,308.25,-7.27,-3.0,Medium
2015-08-25,TATAMOTORS,Return Spike,328.85,6.68,3.03,Medium
2016-02-12,TATAMOTORS,Return Spike,298.35,7.96,3.04,Medium
2016-05-31,TATAMOTORS,Return Spike,459.65,9.12,3.31,Medium
2016-05-31,TATAMOTORS,Volume Spike,459.65,9.12,7.46,High
2016-06-24,TATAMOTORS,Return Crash,449.4,-7.9,-3.13,Medium
2016-11-08,TATAMOTORS,Return Spike,540.2,6.69,3.05,Medium
2016-11-15,TATAMOTORS,Return Crash,457.4,-9.84,-3.81,Medium
2016-12-13,TATAMOTORS,Volume Spike,470.65,3.58,6.3,High
2017-02-15,TATAMOTORS,Volume Spike,436.45,-9.46,5.27,High
2017-02-15,TATAMOTORS,Return Crash,436.45,-9.46,-4.17,Medium
2017-05-24,TATAMOTORS,Volume Spike,469.55,4.23,3.88,Medium
2017-08-10,TATAMOTORS,Volume Spike,380.2,-8.62,4.41,Medium
2017-08-10,TATAMOTORS,Return Crash,380.2,-8.62,-4.5,Medium
2017-09-19,TATAMOTORS,Volume Spike,423.65,4.62,3.7,Medium
2017-11-09,TATAMOTORS,Volume Spike,440.15,0.45,4.44,Medium
2018-02-06,TATAMOTORS,Return Crash,375.45,-5.14,-3.17,Medium
2018-05-24,TATAMOTORS,Volume Spike,288.65,-6.72,3.54,Medium
2018-08-01,TATAMOTORS,Volume Spike,265.05,0.36,4.38,Medium
2018-10-09,TATAMOTORS,Volume Spike,184.35,-13.19,7.16,High
2018-10-09,TATAMOTORS,Return Crash,184.35,-13.19,-4.8,High
2019-02-08,TATAMOTORS,Volume Spike,150.7,-17.58,6.3,High
2019-02-08,TATAMOTORS,Return Crash,150.7,-17.58,-5.82,High
2019-04-02,TATAMOTORS,Volume Spike,202.95,8.33,4.25,Medium
2019-04-03,TATAMOTORS,Volume Spike,201.35,-0.79,3.28,Medium
2019-07-26,TATAMOTORS,Volume Spike,147.15,1.98,3.44,Medium
2019-08-21,TATAMOTORS,Return Crash,112.4,-9.25,-3.07,Medium
2019-08-27,TATAMOTORS,Return Spike,120.35,8.86,3.05,Medium
2019-10-27,TATAMOTORS,Return Spike,147.7,16.44,3.47,Medium
2019-10-29,TATAMOTORS,Volume Spike,172.45,16.76,3.43,Medium
2019-10-29,TATAMOTORS,Return Spike,172.45,16.76,3.17,Medium
2020-02-05,TATAMOTORS,Return Spike,183.75,10.89,3.55,Medium
2020-02-28,TATAMOTORS,Return Crash,128.95,-11.22,-3.24,Medium
2020-04-30,TATAMOTORS,Return Spike,93.25,19.32,3.77,Medium
2020-08-03,TATAMOTORS,Volume Spike,113.05,8.03,3.38,Medium
2020-12-21,TATAMOTORS,Return Crash,164.55,-8.86,-3.41,Medium
2021-01-11,TATAMOTORS,Return Spike,220.65,11.36,3.64,Medium
2021-01-12,TATAMOTORS,Volume Spike,237.8,7.77,4.65,Medium
2021-02-02,TATAMOTORS,Return Spike,322.0,15.16,3.49,Medium
2010-05-10,TATASTEEL,Return Spike,601.45,7.72,3.29,Medium
2010-09-06,TATASTEEL,Return Spike,575.7,6.42,3.09,Medium
2011-08-29,TATASTEEL,Return Spike,447.4,5.94,3.1,Medium
2012-09-07,TATASTEEL,Return Spike,370.9,5.59,3.02,Medium
2013-03-28,TATASTEEL,Volume Spike,312.85,2.06,3.16,Medium
2013-08-12,TATASTEEL,Return Spike,236.55,8.11,3.11,Medium
2013-08-14,TATASTEEL,Volume Spike,250.1,3.6,3.22,Medium
2013-08-22,TATASTEEL,Return Spike,274.1,10.46,3.26,Medium
2014-01-27,TATASTEEL,Return Crash,353.55,-5.97,-3.27,Medium
2014-05-16,TATASTEEL,Volume Spike,440.9,-4.28,3.06,Medium
2015-08-24,TATASTEEL,Return Crash,206.1,-13.13,-4.6,High
2016-02-05,TATASTEEL,Volume Spike,233.85,3.5,3.31,Medium
2016-02-15,TATASTEEL,Return Spike,246.7,13.43,4.12,Medium
2016-11-10,TATASTEEL,Return Spike,437.0,9.43,3.91,Medium
2016-11-15,TATASTEEL,Return Crash,393.05,-7.84,-3.09,Medium
2017-05-17,TATASTEEL,Return Spike,493.9,8.18,4.12,Medium
2017-05-17,TATASTEEL,Volume Spike,493.9,8.18,6.14,High
2017-08-08,TATASTEEL,Volume Spike,616.45,2.73,4.06,Medium
2017-09-22,TATASTEEL,Return Crash,654.0,-4.82,-3.23,Medium
2018-01-31,TATASTEEL,Return Crash,705.05,-9.13,-4.9,High
2018-07-16,TATASTEEL,Return Crash,519.25,-7.04,-3.24,Medium
2018-11-14,TATASTEEL,Volume Spike,589.1,-0.02,3.31,Medium
2019-01-30,TATASTEEL,Return Spike,467.45,5.33,3.26,Medium
2019-04-26,TATASTEEL,Volume Spike,545.25,6.75,4.0,Medium
2019-05-10,TATASTEEL,Volume Spike,486.8,-6.23,3.57,Medium
2020-02-28,TATASTEEL,Return Crash,381.75,-7.52,-3.1,Medium
2020-03-13,TATASTEEL,Return Spike,326.7,13.65,4.03,Medium
2010-05-26,TCS,Return Spike,738.0,5.5,3.42,Medium
2010-07-16,TCS,Return Spike,833.65,6.59,3.39,Medium
2010-07-16,TCS,Volume Spike,833.65,6.59,5.41,High
2011-01-18,TCS,Return Spike,1202.55,5.73,3.36,Medium
2011-04-21,TCS,Volume Spike,1192.1,-2.18,3.97,Medium
2011-08-23,TCS,Return Spike,981.6,6.92,3.35,Medium
2011-08-29,TCS,Return Spike,1019.6,7.5,3.27,Medium
2012-01-12,TCS,Volume Spike,1089.5,-4.18,3.65,Medium
2012-01-18,TCS,Volume Spike,1076.15,-2.52,3.65,Medium
2012-03-14,TCS,Volume Spike,1154.55,-3.55,3.03,Medium
2012-04-13,TCS,Return Crash,1068.35,-5.59,-3.43,Medium
2012-04-24,TCS,Return Spike,1194.2,12.21,5.3,High
2012-04-24,TCS,Volume Spike,1194.2,12.21,5.16,High
2012-07-12,TCS,Volume Spike,1236.0,-1.77,3.46,Medium
2012-09-17,TCS,Return Crash,1342.1,-5.02,-3.62,Medium
2012-09-18,TCS,Volume Spike,1299.8,-3.15,3.14,Medium
2013-01-11,TCS,Return Spike,1306.35,3.81,3.1,Medium
2013-04-18,TCS,Volume Spike,1452.75,-0.27,3.08,Medium
2013-07-19,TCS,Volume Spike,1742.8,4.96,3.33,Medium
2014-01-17,TCS,Return Crash,2213.05,-5.84,-3.68,Medium
2014-01-20,TCS,Return Spike,2338.2,5.66,3.11,Medium
2014-03-19,TCS,Volume Spike,2039.4,-3.89,3.15,Medium
2014-05-19,TCS,Return Crash,2036.7,-5.74,-3.39,Medium
2014-10-17,TCS,Return Crash,2441.15,-8.85,-4.97,High
2014-10-17,TCS,Volume Spike,2441.15,-8.85,3.76,Medium
2015-04-17,TCS,Volume Spike,2474.85,-4.18,3.86,Medium
2015-07-10,TCS,Volume Spike,2474.35,-1.91,4.07,Medium
2015-10-14,TCS,Return Crash,2483.7,-4.42,-3.3,Medium
2016-03-01,TCS,Return Spike,2276.65,4.59,3.24,Medium
2016-09-08,TCS,Volume Spike,2322.1,-4.85,3.07,Medium
2016-09-08,TCS,Return Crash,2322.1,-4.85,-3.04,Medium
2016-11-09,TCS,Return Crash,2169.85,-4.96,-3.21,Medium
2016-11-25,TCS,Return Spike,2300.35,5.11,3.23,Medium
2017-01-13,TCS,Volume Spike,2249.3,-4.05,4.73,Medium
2017-11-15,TCS,Volume Spike,2705.3,-0.34,3.95,Medium
2017-12-14,TCS,Volume Spike,2557.8,-2.69,3.04,Medium
2018-01-22,TCS,Return Spike,3116.4,5.31,3.49,Medium
2018-03-13,TCS,Volume Spike,2886.8,-5.42,13.41,High
2018-03-13,TCS,Return Crash,2886.8,-5.42,-3.15,Medium
2018-04-20,TCS,Return Spike,3402.45,6.62,3.42,Medium
2018-04-20,TCS,Volume Spike,3402.45,6.62,4.46,Medium
2018-04-23,TCS,Volume Spike,3408.65,0.18,3.17,Medium
2018-05-31,TCS,Volume Spike,1741.05,-50.46,3.18,Medium
2018-05-31,TCS,Return Crash,1741.05,-50.46,-7.37,High
2018-06-15,TCS,Volume Spike,1840.05,2.94,3.31,Medium
2018-07-11,TCS,Volume Spike,1979.9,5.59,4.66,Medium
2018-09-24,TCS,Return Spike,2198.45,4.53,3.51,Medium
2018-10-03,TCS,Return Crash,2162.85,-4.11,-3.05,Medium
2018-10-04,TCS,Return Crash,2064.8,-4.53,-3.02,Medium
2019-01-11,TCS,Volume Spike,1842.55,-2.44,3.33,Medium
2019-04-15,TCS,Return Spike,2113.3,4.9,3.08,Medium
2019-10-11,TCS,Volume Spike,1986.85,-0.88,3.54,Medium
2020-02-28,TCS,Return Crash,2000.15,-5.0,-3.06,Medium
2020-03-09,TCS,Return Crash,1972.35,-6.81,-3.77,Medium
2020-03-12,TCS,Return Crash,1769.85,-9.41,-4.32,Medium
2020-03-20,TCS,Return Spike,1797.45,9.85,3.91,Medium
2020-09-24,TCS,Return Crash,2332.25,-5.48,-3.46,Medium
2020-10-05,TCS,Return Spike,2705.8,7.23,3.67,Medium
2010-03-05,TECHM,Volume Spike,931.7,1.44,3.01,Medium
2010-04-28,TECHM,Volume Spike,770.0,-4.22,10.74,High
2010-04-28,TECHM,Return Crash,770.0,-4.22,-3.08,Medium
2010-06-03,TECHM,Volume Spike,714.7,6.8,4.32,Medium
2010-06-03,TECHM,Return Spike,714.7,6.8,3.49,Medium
2010-09-02,TECHM,Volume Spike,676.7,4.62,3.54,Medium
2010-09-03,TECHM,Volume Spike,700.05,3.45,4.8,Medium
2010-09-22,TECHM,Volume Spike,787.95,8.27,7.15,High
2010-09-22,TECHM,Return Spike,787.95,8.27,4.38,Medium
2010-09-23,TECHM,Volume Spike,800.9,1.64,3.76,Medium
2010-12-21,TECHM,Volume Spike,699.15,5.47,4.0,Medium
2011-01-04,TECHM,Volume Spike,744.6,4.63,3.16,Medium
2011-02-14,TECHM,Return Spike,634.65,11.01,4.25,Medium
2011-02-14,TECHM,Volume Spike,634.65,11.01,3.2,Medium
2011-03-08,TECHM,Volume Spike,743.05,9.5,5.46,High
2011-03-08,TECHM,Return Spike,743.05,9.5,3.26,Medium
2011-05-26,TECHM,Volume Spike,657.3,-0.32,4.35,Medium
2011-08-05,TECHM,Return Crash,732.05,-5.35,-3.31,Medium
2011-08-18,TECHM,Return Crash,660.7,-7.72,-4.12,Medium
2011-09-05,TECHM,Return Spike,678.3,6.76,3.06,Medium
2011-11-15,TECHM,Volume Spike,617.85,1.14,3.4,Medium
2012-01-25,TECHM,Volume Spike,629.0,3.38,3.63,Medium
2012-03-21,TECHM,Volume Spike,685.1,5.61,10.59,High
2012-03-22,TECHM,Volume Spike,724.85,5.8,6.13,High
2012-03-23,TECHM,Volume Spike,741.55,2.3,3.7,Medium
2012-05-18,TECHM,Volume Spike,611.05,0.52,4.56,Medium
2012-05-24,TECHM,Volume Spike,666.05,8.9,9.12,High
2012-05-24,TECHM,Return Spike,666.05,8.9,3.65,Medium
2012-08-03,TECHM,Volume Spike,761.6,5.78,7.46,High
2012-08-10,TECHM,Volume Spike,799.8,4.91,5.0,Medium
2012-08-30,TECHM,Volume Spike,793.05,-5.01,11.33,High
2012-12-12,TECHM,Volume Spike,914.1,3.93,7.67,High
2013-02-19,TECHM,Return Spike,1034.5,4.86,3.04,Medium
2013-05-21,TECHM,Volume Spike,909.85,-1.33,3.68,Medium
2013-05-22,TECHM,Volume Spike,943.3,3.68,5.48,High
2013-07-12,TECHM,Volume Spike,1121.9,5.2,3.61,Medium
2013-11-08,TECHM,Volume Spike,1675.0,5.98,3.49,Medium
2013-11-26,TECHM,Volume Spike,1719.55,2.77,6.57,High
2014-02-05,TECHM,Volume Spike,1839.85,3.9,3.14,Medium
2014-02-28,TECHM,Volume Spike,1867.25,2.54,4.48,Medium
2014-05-16,TECHM,Volume Spike,1822.55,-0.42,3.48,Medium
2014-05-19,TECHM,Volume Spike,1738.75,-4.6,5.62,High
2014-07-31,TECHM,Volume Spike,2150.6,-0.5,4.37,Medium
2014-08-01,TECHM,Volume Spike,2127.25,-1.09,3.08,Medium
2014-10-08,TECHM,Return Crash,2396.2,-4.69,-3.86,Medium
2014-10-09,TECHM,Volume Spike,2336.45,-2.49,3.41,Medium
2015-03-18,TECHM,Volume Spike,2800.5,-2.18,4.46,Medium
2015-03-19,TECHM,Return Crash,687.15,-75.46,-7.53,High
2015-03-19,TECHM,Volume Spike,687.15,-75.46,5.12,High
2015-05-27,TECHM,Volume Spike,549.1,-14.24,7.09,High
2015-05-28,TECHM,Volume Spike,545.1,-0.73,3.09,Medium
2015-06-29,TECHM,Volume Spike,483.35,-7.37,3.97,Medium
2015-06-30,TECHM,Volume Spike,477.8,-1.15,3.64,Medium
2015-08-24,TECHM,Return Crash,523.65,-7.0,-3.54,Medium
2016-02-02,TECHM,Volume Spike,474.45,-4.65,3.09,Medium
2016-02-02,TECHM,Return Crash,474.45,-4.65,-3.02,Medium
2016-03-02,TECHM,Return Spike,455.55,5.39,3.14,Medium
2016-05-25,TECHM,Return Spike,528.5,10.05,4.38,Medium
2016-05-25,TECHM,Volume Spike,528.5,10.05,5.32,High
2016-08-02,TECHM,Volume Spike,499.2,1.85,3.41,Medium
2016-10-14,TECHM,Volume Spike,419.1,-0.73,3.14,Medium
2016-10-18,TECHM,Return Spike,425.1,4.05,3.06,Medium
2016-10-28,TECHM,Volume Spike,435.65,5.2,3.63,Medium
2016-10-28,TECHM,Return Spike,435.65,5.2,3.37,Medium
2016-11-25,TECHM,Return Spike,487.25,6.24,3.12,Medium
2017-01-31,TECHM,Volume Spike,452.2,-4.11,3.52,Medium
2017-02-28,TECHM,Volume Spike,499.4,-0.08,6.64,High
2017-05-29,TECHM,Return Crash,379.45,-11.58,-5.76,High
2017-05-29,TECHM,Volume Spike,379.45,-11.58,5.54,High
2017-08-01,TECHM,Volume Spike,402.45,4.3,6.37,High
2017-11-02,TECHM,Volume Spike,467.95,-4.21,3.03,Medium
2017-12-07,TECHM,Volume Spike,497.3,5.3,3.39,Medium
2018-06-28,TECHM,Return Crash,664.25,-7.0,-3.73,Medium
2018-06-29,TECHM,Volume Spike,655.45,-1.32,3.04,Medium
2018-10-31,TECHM,Return Spike,743.9,8.58,3.81,Medium
2018-10-31,TECHM,Volume Spike,743.9,8.58,3.49,Medium
2019-02-06,TECHM,Return Spike,811.35,8.04,4.17,Medium
2019-02-06,TECHM,Volume Spike,811.35,8.04,5.33,High
2019-02-21,TECHM,Volume Spike,820.65,1.02,3.48,Medium
2019-07-31,TECHM,Volume Spike,636.25,-0.62,3.49,Medium
2019-09-06,TECHM,Volume Spike,721.75,3.78,3.02,Medium
2019-11-06,TECHM,Volume Spike,771.9,-0.17,3.2,Medium
2020-02-01,TECHM,Volume Spike,807.55,1.37,3.27,Medium
2020-02-28,TECHM,Return Crash,744.4,-8.0,-5.45,High
2020-03-12,TECHM,Return Crash,649.85,-8.28,-4.14,Medium
2020-03-16,TECHM,Return Crash,603.4,-8.01,-3.5,Medium
2020-03-19,TECHM,Return Crash,530.0,-8.57,-3.28,Medium
2020-03-20,TECHM,Return Spike,576.35,8.75,3.39,Medium
2020-03-23,TECHM,Return Crash,487.2,-15.47,-4.43,Medium
2020-07-28,TECHM,Volume Spike,684.35,2.98,3.26,Medium
2020-11-27,TECHM,Volume Spike,876.85,2.31,3.21,Medium
2010-02-01,TITAN,Volume Spike,1708.5,13.83,5.56,High
2010-02-03,TITAN,Volume Spike,1732.85,3.75,3.47,Medium
2010-04-16,TITAN,Volume Spike,2056.1,4.67,4.06,Medium
2010-05-03,TITAN,Volume Spike,2189.75,2.84,3.13,Medium
2010-07-07,TITAN,Volume Spike,2406.95,0.92,3.75,Medium
2010-08-13,TITAN,Volume Spike,2983.85,5.22,3.58,Medium
2010-08-13,TITAN,Return Spike,2983.85,5.22,3.26,Medium
2010-08-23,TITAN,Volume Spike,3031.3,5.88,3.14,Medium
2010-08-23,TITAN,Return Spike,3031.3,5.88,3.43,Medium
2010-10-26,TITAN,Volume Spike,3491.05,6.11,5.33,High
2010-10-26,TITAN,Return Spike,3491.05,6.11,3.07,Medium
2010-10-27,TITAN,Volume Spike,3587.95,2.78,3.11,Medium
2010-11-10,TITAN,Volume Spike,4146.75,8.49,4.22,Medium
2010-11-10,TITAN,Return Spike,4146.75,8.49,3.55,Medium
2011-03-30,TITAN,Volume Spike,3845.3,7.12,4.36,Medium
2011-03-31,TITAN,Volume Spike,3811.45,-0.88,3.36,Medium
2011-05-31,TITAN,Volume Spike,4407.95,1.97,3.34,Medium
2011-06-22,TITAN,Return Crash,4292.45,-6.25,-3.13,Medium
2011-06-23,TITAN,Volume Spike,228.9,-94.67,12.19,High
2011-06-23,TITAN,Return Crash,228.9,-94.67,-7.51,High
2011-06-24,TITAN,Volume Spike,216.4,-5.46,6.18,High
2011-06-27,TITAN,Volume Spike,212.0,-2.03,3.54,Medium
2011-06-30,TITAN,Volume Spike,214.3,0.59,4.77,Medium
2011-09-26,TITAN,Return Crash,207.25,-7.33,-3.13,Medium
2011-12-21,TITAN,Return Spike,169.1,8.26,3.06,Medium
2012-02-21,TITAN,Volume Spike,243.85,5.13,3.28,Medium
2012-07-31,TITAN,Volume Spike,221.95,-4.74,3.91,Medium
2012-11-01,TITAN,Return Spike,285.15,9.97,4.82,High
2012-11-01,TITAN,Volume Spike,285.15,9.97,5.54,High
2013-03-01,TITAN,Return Spike,274.3,5.14,3.01,Medium
2013-03-15,TITAN,Return Spike,242.15,5.67,3.01,Medium
2013-03-15,TITAN,Volume Spike,242.15,5.67,3.18,Medium
2013-06-11,TITAN,Volume Spike,237.2,-10.39,3.67,Medium
2013-06-11,TITAN,Return Crash,237.2,-10.39,-3.96,Medium
2013-06-12,TITAN,Return Crash,204.55,-13.76,-4.31,Medium
2013-06-12,TITAN,Volume Spike,204.55,-13.76,9.64,High
2013-06-13,TITAN,Volume Spike,213.75,4.5,3.01,Medium
2013-08-16,TITAN,Return Crash,240.25,-12.11,-3.09,Medium
2013-11-26,TITAN,Volume Spike,224.5,-1.66,4.9,Medium
2014-01-30,TITAN,Volume Spike,222.8,3.8,4.95,Medium
2014-04-23,TITAN,Volume Spike,255.0,-2.39,3.94,Medium
2014-05-06,TITAN,Volume Spike,271.2,3.47,3.41,Medium
2014-05-07,TITAN,Volume Spike,272.45,0.46,3.31,Medium
2014-05-22,TITAN,Return Spike,331.4,6.75,3.18,Medium
2014-05-22,TITAN,Volume Spike,331.4,6.75,3.22,Medium
2014-08-21,TITAN,Volume Spike,366.95,5.93,4.42,Medium
2014-10-30,TITAN,Volume Spike,419.4,1.87,3.18,Medium
2014-10-31,TITAN,Volume Spike,393.5,-6.18,5.18,High
2014-12-01,TITAN,Volume Spike,390.2,5.22,3.02,Medium
2015-01-28,TITAN,Return Spike,433.25,8.14,3.53,Medium
2015-01-28,TITAN,Volume Spike,433.25,8.14,6.1,High
2015-05-08,TITAN,Volume Spike,353.6,-4.32,4.73,Medium
2015-06-25,TITAN,Volume Spike,352.85,-1.05,4.26,Medium
2015-07-31,TITAN,Volume Spike,323.65,-4.47,4.52,Medium
2015-08-27,TITAN,Volume Spike,347.05,6.87,3.03,Medium
2015-08-27,TITAN,Return Spike,347.05,6.87,3.84,Medium
2015-11-02,TITAN,Volume Spike,356.6,1.9,5.48,High
2015-12-11,TITAN,Volume Spike,352.55,-2.81,4.24,Medium
2015-12-31,TITAN,Volume Spike,347.15,-0.77,3.9,Medium
2016-01-29,TITAN,Return Spike,363.7,7.29,4.21,Medium
2016-03-01,TITAN,Return Spike,337.5,6.53,3.01,Medium
2016-05-31,TITAN,Volume Spike,360.5,-0.84,8.91,High
2016-06-30,TITAN,Volume Spike,406.25,2.46,3.28,Medium
2016-07-28,TITAN,Return Spike,426.6,3.62,3.23,Medium
2016-08-03,TITAN,Volume Spike,414.75,-2.05,3.7,Medium
2016-08-10,TITAN,Return Crash,403.95,-3.84,-3.43,Medium
2016-09-06,TITAN,Return Spike,437.45,4.57,3.01,Medium
2016-10-13,TITAN,Volume Spike,388.2,-3.84,3.8,Medium
2016-11-09,TITAN,Return Crash,348.8,-6.02,-3.12,Medium
2017-02-08,TITAN,Volume Spike,425.6,8.17,7.31,High
2017-02-08,TITAN,Return Spike,425.6,8.17,3.34,Medium
2017-04-05,TITAN,Volume Spike,491.75,7.05,3.92,Medium
2017-06-05,TITAN,Volume Spike,551.85,16.98,9.7,High
2017-06-05,TITAN,Return Spike,551.85,16.98,5.9,High
2017-06-06,TITAN,Volume Spike,527.15,-4.48,3.08,Medium
2017-08-03,TITAN,Volume Spike,558.05,0.95,3.48,Medium
2017-08-04,TITAN,Return Spike,611.2,9.52,3.19,Medium
2017-08-04,TITAN,Volume Spike,611.2,9.52,7.83,High
2017-11-06,TITAN,Return Spike,783.7,18.79,6.28,High
2017-11-06,TITAN,Volume Spike,783.7,18.79,9.41,High
2018-02-02,TITAN,Volume Spike,822.2,-1.06,3.24,Medium
2018-03-28,TITAN,Volume Spike,942.3,-0.01,4.26,Medium
2018-06-28,TITAN,Volume Spike,836.35,-3.83,4.15,Medium
2018-06-29,TITAN,Return Spike,878.5,5.04,3.14,Medium
2018-07-05,TITAN,Return Crash,838.0,-5.48,-3.03,Medium
2018-08-03,TITAN,Volume Spike,919.2,-0.25,3.15,Medium
2018-10-09,TITAN,Return Crash,749.5,-7.87,-3.76,Medium
2018-11-12,TITAN,Volume Spike,894.75,5.56,4.52,Medium
2019-02-04,TITAN,Volume Spike,1025.75,3.45,4.51,Medium
2019-02-05,TITAN,Volume Spike,1066.7,3.99,3.01,Medium
2019-05-06,TITAN,Return Crash,1082.85,-5.43,-4.0,Medium
2019-07-09,TITAN,Volume Spike,1098.95,-12.26,7.84,High
2019-07-09,TITAN,Return Crash,1098.95,-12.26,-5.63,High
2019-09-20,TITAN,Return Spike,1263.55,9.57,3.74,Medium
2019-09-20,TITAN,Volume Spike,1263.55,9.57,3.33,Medium
2019-11-06,TITAN,Volume Spike,1156.1,-9.95,6.04,High
2019-11-06,TITAN,Return Crash,1156.1,-9.95,-4.13,Medium
2019-12-20,TITAN,Volume Spike,1201.9,3.7,3.61,Medium
2020-02-04,TITAN,Volume Spike,1275.8,7.54,3.83,Medium
2020-02-04,TITAN,Return Spike,1275.8,7.54,4.96,High
2020-03-12,TITAN,Return Crash,1076.75,-9.34,-4.48,Medium
2020-03-23,TITAN,Return Crash,800.95,-11.49,-3.93,Medium
2020-06-09,TITAN,Volume Spike,997.1,-2.72,3.57,Medium
2020-10-07,TITAN,Volume Spike,1254.0,4.5,3.07,Medium
2020-11-20,TITAN,Volume Spike,1365.15,5.62,3.25,Medium
2010-02-16,ULTRACEMCO,Volume Spike,1043.2,4.3,5.8,High
2010-04-29,ULTRACEMCO,Return Crash,1015.35,-5.83,-3.55,Medium
2010-04-29,ULTRACEMCO,Volume Spike,1015.35,-5.83,4.32,Medium
2010-04-30,ULTRACEMCO,Volume Spike,972.75,-4.2,4.08,Medium
2010-05-04,ULTRACEMCO,Volume Spike,926.85,-3.0,4.0,Medium
2010-06-29,ULTRACEMCO,Volume Spike,878.7,-4.88,3.22,Medium
2010-07-13,ULTRACEMCO,Volume Spike,857.2,0.28,3.75,Medium
2010-07-23,ULTRACEMCO,Volume Spike,829.35,-1.74,3.55,Medium
2010-07-29,ULTRACEMCO,Volume Spike,869.8,1.52,3.16,Medium
2010-08-20,ULTRACEMCO,Volume Spike,949.1,2.27,4.61,Medium
2010-08-24,ULTRACEMCO,Volume Spike,944.45,0.81,3.16,Medium
2010-09-07,ULTRACEMCO,Return Spike,994.2,7.63,4.46,Medium
2010-09-07,ULTRACEMCO,Volume Spike,994.2,7.63,3.72,Medium
2010-10-18,ULTRACEMCO,Volume Spike,1132.45,-0.11,3.72,Medium
2010-11-25,ULTRACEMCO,Volume Spike,1135.65,0.83,3.39,Medium
2010-11-30,ULTRACEMCO,Volume Spike,1137.6,-1.52,6.82,High
2010-12-02,ULTRACEMCO,Return Crash,1090.5,-5.03,-3.12,Medium
2011-01-06,ULTRACEMCO,Return Crash,1010.85,-5.75,-3.56,Medium
2011-02-03,ULTRACEMCO,Volume Spike,1005.3,0.55,3.57,Medium
2011-02-09,ULTRACEMCO,Return Crash,897.25,-5.89,-3.05,Medium
2011-04-20,ULTRACEMCO,Volume Spike,1019.35,-1.27,3.07,Medium
2011-05-26,ULTRACEMCO,Volume Spike,1025.55,0.22,3.35,Medium
2011-07-01,ULTRACEMCO,Volume Spike,936.05,0.66,3.39,Medium
2011-07-27,ULTRACEMCO,Volume Spike,1027.0,2.34,6.41,High
2011-08-04,ULTRACEMCO,Volume Spike,1018.7,-0.9,3.58,Medium
2011-12-07,ULTRACEMCO,Volume Spike,1220.3,2.55,3.28,Medium
2011-12-12,ULTRACEMCO,Return Crash,1148.25,-4.96,-3.14,Medium
2012-01-13,ULTRACEMCO,Volume Spike,1164.45,1.53,3.12,Medium
2012-02-06,ULTRACEMCO,Return Spike,1363.75,6.89,3.53,Medium
2012-03-15,ULTRACEMCO,Volume Spike,1483.1,-1.66,3.16,Medium
2012-05-22,ULTRACEMCO,Volume Spike,1380.95,-2.12,3.71,Medium
2012-08-14,ULTRACEMCO,Volume Spike,1711.9,0.03,4.02,Medium
2012-09-27,ULTRACEMCO,Volume Spike,1950.85,3.49,6.08,High
2012-11-15,ULTRACEMCO,Volume Spike,1919.05,-3.44,3.89,Medium
2012-11-30,ULTRACEMCO,Volume Spike,1941.4,1.39,7.15,High
2012-12-31,ULTRACEMCO,Volume Spike,1986.3,0.74,5.22,High
2013-01-10,ULTRACEMCO,Volume Spike,1899.15,-3.22,3.35,Medium
2013-04-04,ULTRACEMCO,Return Crash,1743.35,-5.85,-3.5,Medium
2013-05-08,ULTRACEMCO,Volume Spike,1978.2,2.57,3.68,Medium
2013-05-31,ULTRACEMCO,Return Crash,1878.3,-5.52,-3.14,Medium
2013-08-22,ULTRACEMCO,Volume Spike,1634.45,0.53,4.34,Medium
2013-10-21,ULTRACEMCO,Volume Spike,1958.8,-0.3,3.32,Medium
2014-01-22,ULTRACEMCO,Volume Spike,1694.7,-0.3,3.76,Medium
2014-02-21,ULTRACEMCO,Return Spike,1799.95,5.75,3.93,Medium
2014-05-09,ULTRACEMCO,Volume Spike,2079.6,5.03,3.11,Medium
2014-10-16,ULTRACEMCO,Volume Spike,2317.6,-6.06,3.6,Medium
2014-12-24,ULTRACEMCO,Volume Spike,2620.55,2.99,5.04,High
2015-01-15,ULTRACEMCO,Return Spike,3083.05,5.99,3.05,Medium
2015-03-02,ULTRACEMCO,Return Spike,3369.8,7.46,3.45,Medium
2015-07-20,ULTRACEMCO,Volume Spike,3353.85,4.04,3.56,Medium
2016-08-18,ULTRACEMCO,Return Spike,3874.35,4.73,3.07,Medium
2016-11-09,ULTRACEMCO,Return Crash,3765.75,-4.88,-3.09,Medium
2016-11-11,ULTRACEMCO,Return Crash,3634.1,-5.39,-3.06,Medium
2016-11-15,ULTRACEMCO,Volume Spike,3364.15,-7.43,4.29,Medium
2016-11-15,ULTRACEMCO,Return Crash,3364.15,-7.43,-3.64,Medium
2016-11-30,ULTRACEMCO,Volume Spike,3603.45,1.9,6.8,High
2017-03-02,ULTRACEMCO,Volume Spike,3817.8,2.32,3.96,Medium
2017-04-24,ULTRACEMCO,Volume Spike,4141.55,4.1,3.22,Medium
2017-04-24,ULTRACEMCO,Return Spike,4141.55,4.1,3.21,Medium
2017-06-29,ULTRACEMCO,Volume Spike,3953.75,-0.11,3.53,Medium
2017-09-22,ULTRACEMCO,Return Crash,3999.6,-4.0,-3.33,Medium
2017-10-18,ULTRACEMCO,Volume Spike,4092.2,0.07,3.17,Medium
2017-10-23,ULTRACEMCO,Return Spike,4205.05,4.23,3.13,Medium
2017-10-25,ULTRACEMCO,Return Spike,4460.25,5.52,3.55,Medium
2018-01-18,ULTRACEMCO,Volume Spike,4408.65,-2.98,3.38,Medium
2018-02-02,ULTRACEMCO,Return Crash,4179.45,-4.83,-3.44,Medium
2018-05-22,ULTRACEMCO,Volume Spike,3755.55,-2.51,3.21,Medium
2018-12-19,ULTRACEMCO,Volume Spike,4084.55,1.91,3.09,Medium
2019-01-24,ULTRACEMCO,Volume Spike,3790.7,-1.56,3.36,Medium
2019-01-25,ULTRACEMCO,Volume Spike,3510.8,-7.38,5.13,High
2019-01-25,ULTRACEMCO,Return Crash,3510.8,-7.38,-4.07,Medium
2019-01-28,ULTRACEMCO,Volume Spike,3374.45,-3.88,3.45,Medium
2019-04-24,ULTRACEMCO,Volume Spike,4394.65,4.68,3.99,Medium
2019-04-25,ULTRACEMCO,Volume Spike,4619.0,5.11,5.14,High
2019-05-20,ULTRACEMCO,Return Spike,4774.2,6.26,3.18,Medium
2019-08-08,ULTRACEMCO,Volume Spike,4233.15,-2.5,3.18,Medium
2019-08-26,ULTRACEMCO,Return Spike,4038.4,4.57,3.1,Medium
2019-09-20,ULTRACEMCO,Return Spike,4269.65,10.43,4.88,High
2020-01-24,ULTRACEMCO,Volume Spike,4642.75,2.57,3.61,Medium
2020-03-12,ULTRACEMCO,Return Crash,3663.5,-8.26,-4.38,Medium
2020-03-16,ULTRACEMCO,Return Crash,3518.05,-7.15,-3.3,Medium
2020-03-20,ULTRACEMCO,Return Spike,3573.85,12.88,4.66,High
2020-03-23,ULTRACEMCO,Return Crash,3054.85,-14.52,-4.2,Medium
2020-07-28,ULTRACEMCO,Volume Spike,4136.35,7.16,5.06,High
2020-07-28,ULTRACEMCO,Return Spike,4136.35,7.16,3.04,Medium
2020-07-29,ULTRACEMCO,Volume Spike,4180.95,1.08,3.15,Medium
2020-10-13,ULTRACEMCO,Volume Spike,4382.75,1.78,4.18,Medium
2020-12-04,ULTRACEMCO,Volume Spike,5091.4,4.04,4.26,Medium
2021-01-25,ULTRACEMCO,Volume Spike,5368.4,-3.01,4.57,Medium
2021-02-01,ULTRACEMCO,Return Spike,5744.15,7.83,3.89,Medium
2010-03-05,UPL,Volume Spike,164.1,5.19,3.46,Medium
2010-04-30,UPL,Return Spike,170.2,15.23,5.82,High
2010-04-30,UPL,Volume Spike,170.2,15.23,7.98,High
2010-05-03,UPL,Volume Spike,172.0,1.06,3.95,Medium
2010-10-13,UPL,Volume Spike,191.1,0.16,3.42,Medium
2010-10-14,UPL,Volume Spike,196.7,2.93,3.38,Medium
2010-10-21,UPL,Return Spike,204.9,7.14,3.85,Medium
2010-10-21,UPL,Volume Spike,204.9,7.14,3.68,Medium
2010-10-22,UPL,Volume Spike,210.35,2.66,3.74,Medium
2010-10-26,UPL,Return Crash,200.8,-7.53,-3.69,Medium
2012-03-01,UPL,Return Crash,142.0,-8.89,-3.39,Medium
2012-03-01,UPL,Volume Spike,142.0,-8.89,3.61,Medium
2012-03-02,UPL,Volume Spike,135.8,-4.37,4.28,Medium
2012-04-24,UPL,Volume Spike,120.0,-6.07,3.09,Medium
2012-06-28,UPL,Volume Spike,122.25,-1.01,3.7,Medium
2012-10-23,UPL,Volume Spike,118.4,1.5,4.55,Medium
2012-11-30,UPL,Volume Spike,117.8,3.02,8.22,High
2012-12-03,UPL,Return Spike,125.3,6.37,3.29,Medium
2013-01-29,UPL,Volume Spike,136.7,0.11,3.69,Medium
2013-04-25,UPL,Volume Spike,132.25,2.52,4.11,Medium
2013-04-26,UPL,Volume Spike,138.75,4.91,3.7,Medium
2013-08-08,UPL,Return Spike,137.0,8.17,3.09,Medium
2014-01-30,UPL,Volume Spike,187.5,-3.47,4.56,Medium
2014-04-25,UPL,Volume Spike,230.35,7.29,4.25,Medium
2014-04-28,UPL,Volume Spike,276.6,20.08,7.39,High
2014-04-28,UPL,Return Spike,276.6,20.08,5.69,High
2014-07-31,UPL,Volume Spike,328.85,1.42,3.16,Medium
2014-09-04,UPL,Volume Spike,369.35,7.73,3.22,Medium
2015-02-03,UPL,Volume Spike,416.3,5.71,3.28,Medium
2015-05-29,UPL,Volume Spike,552.65,6.5,7.43,High
2015-08-24,UPL,Return Crash,488.45,-8.82,-3.57,Medium
2015-09-18,UPL,Volume Spike,481.05,0.66,3.68,Medium
2016-05-02,UPL,Return Spike,594.9,10.6,3.75,Medium
2016-05-02,UPL,Volume Spike,594.9,10.6,4.98,Medium
2016-07-27,UPL,Volume Spike,608.8,5.31,3.34,Medium
2016-07-27,UPL,Return Spike,608.8,5.31,3.27,Medium
2016-07-29,UPL,Volume Spike,624.85,2.42,4.42,Medium
2016-09-14,UPL,Return Spike,696.3,7.27,3.74,Medium
2016-10-28,UPL,Volume Spike,697.8,-1.23,4.11,Medium
2016-11-11,UPL,Return Crash,647.1,-6.79,-3.27,Medium
2016-11-15,UPL,Return Crash,600.35,-7.22,-3.12,Medium
2017-01-17,UPL,Volume Spike,734.55,4.53,3.58,Medium
2017-04-27,UPL,Volume Spike,818.5,-1.53,4.81,Medium
2017-08-14,UPL,Return Spike,858.45,5.81,3.81,Medium
2017-09-28,UPL,Volume Spike,766.2,-0.49,5.55,High
2017-12-07,UPL,Return Spike,722.0,5.26,3.19,Medium
2018-01-18,UPL,Volume Spike,800.5,2.53,3.5,Medium
2018-01-25,UPL,Return Crash,768.95,-6.71,-3.54,Medium
2018-01-25,UPL,Volume Spike,768.95,-6.71,3.55,Medium
2018-05-31,UPL,Volume Spike,707.6,0.41,3.08,Medium
2018-07-13,UPL,Volume Spike,562.55,-3.33,4.44,Medium
2018-07-23,UPL,Volume Spike,632.1,15.01,6.76,High
2018-07-23,UPL,Return Spike,632.1,15.01,5.66,High
2019-05-20,UPL,Return Spike,1018.85,4.97,3.56,Medium
2019-06-19,UPL,Return Crash,950.3,-4.94,-3.39,Medium
2019-06-20,UPL,Volume Spike,870.25,-8.42,6.15,High
2019-06-20,UPL,Return Crash,870.25,-8.42,-4.54,High
2019-06-21,UPL,Volume Spike,890.1,2.28,4.67,Medium
2019-07-02,UPL,Return Crash,656.15,-30.8,-6.89,High
2019-11-08,UPL,Volume Spike,555.85,-3.78,3.03,Medium
2020-01-22,UPL,Volume Spike,562.95,-2.55,3.04,Medium
2020-02-10,UPL,Volume Spike,574.1,5.71,3.53,Medium
2020-02-10,UPL,Return Spike,574.1,5.71,3.21,Medium
2020-02-28,UPL,Return Crash,519.7,-5.65,-3.09,Medium
2020-03-12,UPL,Return Crash,443.6,-14.19,-5.41,High
2020-03-23,UPL,Return Crash,254.6,-15.18,-3.75,Medium
2020-03-25,UPL,Return Spike,292.8,11.73,3.13,Medium
2020-04-15,UPL,Volume Spike,350.55,7.88,3.77,Medium
2020-04-30,UPL,Volume Spike,420.05,16.49,3.02,Medium
2020-04-30,UPL,Return Spike,420.05,16.49,3.17,Medium
2020-10-16,UPL,Volume Spike,466.95,-7.82,4.68,Medium
2020-10-16,UPL,Return Crash,466.95,-7.82,-3.43,Medium
2020-12-10,UPL,Volume Spike,438.45,-10.99,7.16,High
2020-12-10,UPL,Return Crash,438.45,-10.99,-3.99,Medium
2020-12-11,UPL,Volume Spike,435.0,-0.79,3.48,Medium
2021-01-18,UPL,Volume Spike,561.3,7.42,3.96,Medium
2010-04-23,WIPRO,Volume Spike,691.9,-1.75,4.58,Medium
2010-05-10,WIPRO,Return Spike,672.3,5.43,3.42,Medium
2010-06-15,WIPRO,Return Crash,408.2,-39.45,-7.22,High
2010-07-23,WIPRO,Volume Spike,412.45,-0.71,3.38,Medium
2011-07-20,WIPRO,Volume Spike,398.95,-3.91,3.78,Medium
2012-01-20,WIPRO,Volume Spike,413.75,2.38,3.06,Medium
2012-04-13,WIPRO,Return Crash,419.3,-4.51,-3.07,Medium
2012-04-25,WIPRO,Return Crash,410.4,-7.15,-4.0,Medium
2012-04-25,WIPRO,Volume Spike,410.4,-7.15,3.55,Medium
2012-07-11,WIPRO,Volume Spike,374.3,-2.65,3.7,Medium
2012-07-12,WIPRO,Volume Spike,359.25,-4.02,3.35,Medium
2012-09-06,WIPRO,Return Spike,377.45,4.24,3.03,Medium
2012-11-01,WIPRO,Volume Spike,361.25,3.02,3.45,Medium
2013-01-11,WIPRO,Volume Spike,419.95,6.16,3.33,Medium
2013-01-11,WIPRO,Return Spike,419.95,6.16,4.05,Medium
2013-01-18,WIPRO,Return Crash,397.35,-7.74,-4.48,Medium
2013-01-18,WIPRO,Volume Spike,397.35,-7.74,4.24,Medium
2013-04-08,WIPRO,Volume Spike,448.8,-1.28,3.63,Medium
2013-04-09,WIPRO,Return Crash,393.7,-12.28,-5.28,High
2013-04-09,WIPRO,Volume Spike,393.7,-12.28,3.7,Medium
2013-04-22,WIPRO,Return Crash,339.4,-8.03,-3.23,Medium
2013-04-22,WIPRO,Volume Spike,339.4,-8.03,3.43,Medium
2013-07-29,WIPRO,Return Spike,408.05,6.83,3.96,Medium
2013-07-29,WIPRO,Volume Spike,408.05,6.83,3.67,Medium
2013-08-30,WIPRO,Volume Spike,483.6,2.14,3.8,Medium
2014-04-21,WIPRO,Return Crash,546.2,-6.77,-3.85,Medium
2014-04-21,WIPRO,Volume Spike,546.2,-6.77,3.04,Medium
2014-07-25,WIPRO,Volume Spike,551.05,-4.47,3.56,Medium
2015-01-19,WIPRO,Volume Spike,584.2,5.25,3.98,Medium
2015-01-19,WIPRO,Return Spike,584.2,5.25,3.95,Medium
2015-03-26,WIPRO,Return Crash,631.9,-4.42,-3.02,Medium
2015-04-22,WIPRO,Return Crash,544.55,-5.81,-3.38,Medium
2015-04-22,WIPRO,Volume Spike,544.55,-5.81,3.3,Medium
2015-08-24,WIPRO,Return Crash,544.35,-5.49,-3.37,Medium
2015-11-30,WIPRO,Volume Spike,573.3,0.59,3.23,Medium
2016-01-11,WIPRO,Return Crash,537.45,-3.3,-3.55,Medium
2016-04-21,WIPRO,Volume Spike,558.85,-7.05,3.11,Medium
2016-04-21,WIPRO,Return Crash,558.85,-7.05,-4.47,Medium
2016-07-20,WIPRO,Volume Spike,538.85,-1.89,5.73,High
2016-08-25,WIPRO,Volume Spike,504.0,-3.01,3.89,Medium
2016-08-29,WIPRO,Volume Spike,478.8,-2.29,3.31,Medium
2016-11-15,WIPRO,Volume Spike,447.95,1.27,3.58,Medium
2017-04-26,WIPRO,Volume Spike,490.85,-0.7,5.7,High
2017-06-13,WIPRO,Return Crash,259.0,-50.79,-7.51,High
2017-07-17,WIPRO,Volume Spike,266.85,2.69,3.26,Medium
2017-07-21,WIPRO,Volume Spike,286.05,6.28,4.9,Medium
2017-08-31,WIPRO,Volume Spike,299.1,2.71,3.68,Medium
2017-09-14,WIPRO,Return Crash,283.45,-4.21,-3.15,Medium
2017-11-30,WIPRO,Volume Spike,291.9,-2.26,3.51,Medium
2018-01-16,WIPRO,Return Spike,331.95,5.38,3.92,Medium
2018-04-26,WIPRO,Volume Spike,281.35,-2.02,3.2,Medium
2018-09-03,WIPRO,Volume Spike,308.35,2.36,6.79,High
2018-10-23,WIPRO,Return Crash,309.1,-4.07,-3.53,Medium
2019-01-15,WIPRO,Volume Spike,329.8,5.52,3.72,Medium
2019-01-21,WIPRO,Volume Spike,337.8,-2.41,3.05,Medium
2019-03-05,WIPRO,Volume Spike,363.6,-3.22,3.1,Medium
2019-03-06,WIPRO,Volume Spike,277.45,-23.69,4.04,Medium
2019-03-06,WIPRO,Return Crash,277.45,-23.69,-6.62,High
2019-03-08,WIPRO,Volume Spike,257.7,-4.15,3.98,Medium
2019-04-18,WIPRO,Volume Spike,284.8,1.39,3.36,Medium
2019-05-28,WIPRO,Volume Spike,282.95,0.87,6.47,High
2019-07-05,WIPRO,Return Crash,271.85,-4.23,-3.45,Medium
2019-07-18,WIPRO,Volume Spike,269.1,3.66,4.64,Medium
2019-07-18,WIPRO,Return Spike,269.1,3.66,3.13,Medium
2019-08-01,WIPRO,Volume Spike,270.4,1.92,3.23,Medium
2019-10-16,WIPRO,Volume Spike,248.9,2.15,3.53,Medium
2020-01-15,WIPRO,Return Crash,248.25,-3.48,-3.17,Medium
2020-02-27,WIPRO,Return Crash,231.6,-3.46,-3.04,Medium
2020-02-28,WIPRO,Return Crash,221.45,-4.38,-3.41,Medium
2020-03-12,WIPRO,Return Crash,199.1,-6.57,-3.86,Medium
2020-03-16,WIPRO,Return Crash,179.75,-8.94,-4.34,Medium
2020-03-20,WIPRO,Return Spike,179.2,10.38,4.39,Medium
2020-04-16,WIPRO,Volume Spike,187.85,0.7,3.16,Medium
2020-05-29,WIPRO,Volume Spike,212.8,6.75,3.81,Medium
2020-07-15,WIPRO,Return Spike,262.75,16.78,5.38,High
2020-07-15,WIPRO,Volume Spike,262.75,16.78,9.17,High
2020-07-16,WIPRO,Volume Spike,261.9,-0.32,3.16,Medium
2020-09-11,WIPRO,Volume Spike,293.3,3.08,3.07,Medium
2020-10-08,WIPRO,Return Spike,359.45,7.2,3.51,Medium
2020-10-08,WIPRO,Volume Spike,359.45,7.2,4.07,Medium
2020-10-14,WIPRO,Return Crash,350.45,-6.78,-3.39,Medium
2020-12-23,WIPRO,Volume Spike,385.55,5.86,3.98,Medium
2021-01-08,WIPRO,Return Spike,430.2,5.77,3.3,Medium
2021-01-11,WIPRO,Volume Spike,446.8,3.86,3.01,Medium
2021-01-14,WIPRO,Volume Spike,454.35,-1.01,3.47,Medium
2021-03-05,WIPRO,Volume Spike,420.85,-4.09,3.4,Medium
2021-04-16,WIPRO,Return Spike,469.2,8.94,4.04,Medium
2021-04-16,WIPRO,Volume Spike,469.2,8.94,6.21,High
